Cites,Authors,Title,Year,Source,Publisher,ArticleURL,CitesURL,GSRank,QueryDate,Type,DOI,ISSN,CitationURL,Volume,Issue,StartPage,EndPage,ECC,CitesPerYear,CitesPerAuthor,AuthorCount,Age,Abstract,FullTextURL,RelatedURL
339,"P. Zhang","SR-LSTM: State refinement for lstm towards pedestrian trajectory prediction",2019,"Proceedings of the IEEE Computer Society Conference on Computer Vision and Pattern Recognition","","","https://www.scopus.com/inward/citedby.uri?partnerID=HzOxMe3b&scp=85077484202&origin=inward",1,"2024-04-18 16:38:46","Conference Paper","10.1109/CVPR.2019.01236","1063-6919","https://api.elsevier.com/content/abstract/scopus_id/85077484202",2019,,12077,12086,339,67.80,339,1,5,"","",""
284,"T. Zhao","Multi-agent tensor fusion for contextual trajectory prediction",2019,"Proceedings of the IEEE Computer Society Conference on Computer Vision and Pattern Recognition","","","https://www.scopus.com/inward/citedby.uri?partnerID=HzOxMe3b&scp=85078800537&origin=inward",2,"2024-04-18 16:38:46","Conference Paper","10.1109/CVPR.2019.01240","1063-6919","https://api.elsevier.com/content/abstract/scopus_id/85078800537",2019,,12118,12126,284,56.80,284,1,5,"","",""
62,"H. Xue","Tracking people in RGBD videos using deep learning and motion clues",2016,"Neurocomputing","","https://api.elsevier.com/content/article/eid/1-s2.0-S0925231216300959","https://www.scopus.com/inward/citedby.uri?partnerID=HzOxMe3b&scp=84964658345&origin=inward",3,"2024-04-18 16:38:46","Article","10.1016/j.neucom.2015.06.112","0925-2312","https://api.elsevier.com/content/abstract/scopus_id/84964658345",204,,70,76,62,7.75,62,1,8,"","",""
49,"A.J. Sathyamoorthy","DenseCAvoid: Real-time Navigation in Dense Crowds using Anticipatory Behaviors",2020,"Proceedings - IEEE International Conference on Robotics and Automation","","","https://www.scopus.com/inward/citedby.uri?partnerID=HzOxMe3b&scp=85088196072&origin=inward",4,"2024-04-18 16:38:46","Conference Paper","10.1109/ICRA40945.2020.9197379","1050-4729","https://api.elsevier.com/content/abstract/scopus_id/85088196072",,,11345,11352,49,12.25,49,1,4,"","",""
44,"A. Ferrari","Trends in human activity recognition using smartphones",2021,"Journal of Reliable Intelligent Environments","","","https://www.scopus.com/inward/citedby.uri?partnerID=HzOxMe3b&scp=85109319307&origin=inward",5,"2024-04-18 16:38:46","Review","10.1007/s40860-021-00147-0","2199-4668","https://api.elsevier.com/content/abstract/scopus_id/85109319307",7,3,189,213,44,14.67,44,1,3,"","",""
38,"A. Crivellari","LSTM-based deep learning model for predicting individual mobility traces of short-term foreign tourists",2020,"Sustainability (Switzerland)","","","https://www.scopus.com/inward/citedby.uri?partnerID=HzOxMe3b&scp=85085880406&origin=inward",6,"2024-04-18 16:38:46","Article","10.3390/su12010349","2071-1050","https://api.elsevier.com/content/abstract/scopus_id/85085880406",12,1,,,38,9.50,38,1,4,"","",""
35,"E. Lu","Class-Agnostic Counting",2019,"Lecture Notes in Computer Science (including subseries Lecture Notes in Artificial Intelligence and Lecture Notes in Bioinformatics)","","","https://www.scopus.com/inward/citedby.uri?partnerID=HzOxMe3b&scp=85067264982&origin=inward",7,"2024-04-18 16:38:46","Conference Paper","10.1007/978-3-030-20893-6_42","0302-9743","https://api.elsevier.com/content/abstract/scopus_id/85067264982",11363,,669,684,35,7.00,35,1,5,"","",""
26,"Y. Hsu","Passenger flow counting in buses based on deep learning using surveillance video",2020,"Optik","","https://api.elsevier.com/content/article/eid/1-s2.0-S0030402619315736","https://www.scopus.com/inward/citedby.uri?partnerID=HzOxMe3b&scp=85075808363&origin=inward",8,"2024-04-18 16:38:46","Article","10.1016/j.ijleo.2019.163675","0030-4026","https://api.elsevier.com/content/abstract/scopus_id/85075808363",202,,,,26,6.50,26,1,4,"","",""
25,"M.I.H. Azhar","People Tracking System Using DeepSORT",2020,"Proceedings - 10th IEEE International Conference on Control System, Computing and Engineering, ICCSCE 2020","","","https://www.scopus.com/inward/citedby.uri?partnerID=HzOxMe3b&scp=85093847439&origin=inward",9,"2024-04-18 16:38:46","Conference Paper","10.1109/ICCSCE50387.2020.9204956","","https://api.elsevier.com/content/abstract/scopus_id/85093847439",,,137,141,25,6.25,25,1,4,"","",""
24,"A.A. Micheal","Object Detection and Tracking with UAV Data Using Deep Learning",2021,"Journal of the Indian Society of Remote Sensing","","","https://www.scopus.com/inward/citedby.uri?partnerID=HzOxMe3b&scp=85094897168&origin=inward",10,"2024-04-18 16:38:46","Article","10.1007/s12524-020-01229-x","0255-660X","https://api.elsevier.com/content/abstract/scopus_id/85094897168",49,3,463,469,24,8.00,24,1,3,"","",""
24,"S. Elbishlawi","Deep Learning-Based Crowd Scene Analysis Survey",2020,"Journal of Imaging","","","https://www.scopus.com/inward/citedby.uri?partnerID=HzOxMe3b&scp=85091843543&origin=inward",11,"2024-04-18 16:38:46","Review","10.3390/JIMAGING6090095","2313-433X","https://api.elsevier.com/content/abstract/scopus_id/85091843543",6,9,,,24,6.00,24,1,4,"","",""
22,"K. Rezaee","An Autonomous UAV-Assisted Distance-Aware Crowd Sensing Platform Using Deep ShuffleNet Transfer Learning",2022,"IEEE Transactions on Intelligent Transportation Systems","","","https://www.scopus.com/inward/citedby.uri?partnerID=HzOxMe3b&scp=85118553397&origin=inward",12,"2024-04-18 16:38:46","Article","10.1109/TITS.2021.3119855","1524-9050","https://api.elsevier.com/content/abstract/scopus_id/85118553397",23,7,9404,9413,22,11.00,22,1,2,"","",""
22,"L. Beyer","Deep Person Detection in Two-Dimensional Range Data",2018,"IEEE Robotics and Automation Letters","","","https://www.scopus.com/inward/citedby.uri?partnerID=HzOxMe3b&scp=85063304677&origin=inward",13,"2024-04-18 16:38:46","Article","10.1109/LRA.2018.2835510","2377-3766","https://api.elsevier.com/content/abstract/scopus_id/85063304677",3,3,2726,2733,22,3.67,22,1,6,"","",""
21,"N. Krishnachaithanya","People Counting in Public Spaces using Deep Learning-based Object Detection and Tracking Techniques",2023,"Proceedings of International Conference on Computational Intelligence and Sustainable Engineering Solution, CISES 2023","","","https://www.scopus.com/inward/citedby.uri?partnerID=HzOxMe3b&scp=85167799995&origin=inward",14,"2024-04-18 16:38:46","Conference Paper","10.1109/CISES58720.2023.10183503","","https://api.elsevier.com/content/abstract/scopus_id/85167799995",,,784,788,21,21.00,21,1,1,"","",""
21,"Z. Li","Deep people counting with faster R-CNN and correlation tracking",2016,"ACM International Conference Proceeding Series","","","https://www.scopus.com/inward/citedby.uri?partnerID=HzOxMe3b&scp=85007574904&origin=inward",15,"2024-04-18 16:38:46","Conference Paper","10.1145/3007669.3007745","","https://api.elsevier.com/content/abstract/scopus_id/85007574904",19,,57,60,21,2.63,21,1,8,"","",""
20,"X. Zhang","Visible and Infrared Image Fusion Using Deep Learning",2023,"IEEE Transactions on Pattern Analysis and Machine Intelligence","","","https://www.scopus.com/inward/citedby.uri?partnerID=HzOxMe3b&scp=85153383603&origin=inward",16,"2024-04-18 16:38:46","Article","10.1109/TPAMI.2023.3261282","0162-8828","https://api.elsevier.com/content/abstract/scopus_id/85153383603",45,8,10535,10554,20,20.00,20,1,1,"","",""
20,"S.H. Silva","Cooperative unmanned aerial vehicles with privacy preserving deep vision for real-time object identification and tracking",2019,"Journal of Parallel and Distributed Computing","","https://api.elsevier.com/content/article/eid/1-s2.0-S0743731518308839","https://www.scopus.com/inward/citedby.uri?partnerID=HzOxMe3b&scp=85065830000&origin=inward",17,"2024-04-18 16:38:46","Article","10.1016/j.jpdc.2019.04.009","0743-7315","https://api.elsevier.com/content/abstract/scopus_id/85065830000",131,,147,160,20,4.00,20,1,5,"","",""
18,"K. Rezaee","A survey on deep learning-based real-time crowd anomaly detection for secure distributed video surveillance",2024,"Personal and Ubiquitous Computing","","","https://www.scopus.com/inward/citedby.uri?partnerID=HzOxMe3b&scp=85108844612&origin=inward",18,"2024-04-18 16:38:46","Article","10.1007/s00779-021-01586-5","1617-4909","https://api.elsevier.com/content/abstract/scopus_id/85108844612",28,1,135,151,18,18.00,18,1,1,"","",""
18,"A.S. Rajawat","Risk detection in wireless body sensor networks for health monitoring using hybrid deep learning",2021,"Lecture Notes in Electrical Engineering","","","https://www.scopus.com/inward/citedby.uri?partnerID=HzOxMe3b&scp=85107781354&origin=inward",19,"2024-04-18 16:38:46","Conference Paper","10.1007/978-981-16-0749-3_54","1876-1100","https://api.elsevier.com/content/abstract/scopus_id/85107781354",756,,683,696,18,6.00,18,1,3,"","",""
14,"Y. Himeur","Deep visual social distancing monitoring to combat COVID-19: A comprehensive survey",2022,"Sustainable Cities and Society","","https://api.elsevier.com/content/article/eid/1-s2.0-S2210670722003821","https://www.scopus.com/inward/citedby.uri?partnerID=HzOxMe3b&scp=85134892339&origin=inward",20,"2024-04-18 16:38:46","Review","10.1016/j.scs.2022.104064","2210-6707","https://api.elsevier.com/content/abstract/scopus_id/85134892339",85,,,,14,7.00,14,1,2,"","",""
13,"S. Salagrama","Real time social distance detection using Deep Learning",2022,"Proceedings of International Conference on Computational Intelligence and Sustainable Engineering Solution, CISES 2022","","","https://www.scopus.com/inward/citedby.uri?partnerID=HzOxMe3b&scp=85137167130&origin=inward",21,"2024-04-18 16:38:46","Conference Paper","10.1109/CISES54857.2022.9844327","","https://api.elsevier.com/content/abstract/scopus_id/85137167130",,,541,544,13,6.50,13,1,2,"","",""
13,"X. Li","Simulation of evacuating crowd based on deep learning and social force model",2019,"IEEE Access","","","https://www.scopus.com/inward/citedby.uri?partnerID=HzOxMe3b&scp=85077953550&origin=inward",22,"2024-04-18 16:38:46","Article","10.1109/ACCESS.2019.2949106","2169-3536","https://api.elsevier.com/content/abstract/scopus_id/85077953550",7,,155361,155371,13,2.60,13,1,5,"","",""
12,"X. Chen","Research on Pedestrian Detection and DeepSort Tracking in Front of Intelligent Vehicle Based on Deep Learning",2022,"Sustainability (Switzerland)","","","https://www.scopus.com/inward/citedby.uri?partnerID=HzOxMe3b&scp=85137325411&origin=inward",23,"2024-04-18 16:38:46","Article","10.3390/su14159281","2071-1050","https://api.elsevier.com/content/abstract/scopus_id/85137325411",14,15,,,12,6.00,12,1,2,"","",""
12,"R. Mostafa","LMOT: Efficient Light-Weight Detection and Tracking in Crowds",2022,"IEEE Access","","","https://www.scopus.com/inward/citedby.uri?partnerID=HzOxMe3b&scp=85136115514&origin=inward",24,"2024-04-18 16:38:46","Article","10.1109/ACCESS.2022.3197157","2169-3536","https://api.elsevier.com/content/abstract/scopus_id/85136115514",10,,83085,83095,12,6.00,12,1,2,"","",""
12,"F. Alrowais","Deep Transfer Learning Enabled Intelligent Object Detection for Crowd Density Analysis on Video Surveillance Systems",2022,"Applied Sciences (Switzerland)","","","https://www.scopus.com/inward/citedby.uri?partnerID=HzOxMe3b&scp=85133541785&origin=inward",25,"2024-04-18 16:38:46","Article","10.3390/app12136665","2076-3417","https://api.elsevier.com/content/abstract/scopus_id/85133541785",12,13,,,12,6.00,12,1,2,"","",""
12,"Z. Zhang","Crowd Evacuation Simulation Using Hierarchical Deep Reinforcement Learning",2021,"Proceedings of the 2021 IEEE 24th International Conference on Computer Supported Cooperative Work in Design, CSCWD 2021","","","https://www.scopus.com/inward/citedby.uri?partnerID=HzOxMe3b&scp=85107802449&origin=inward",26,"2024-04-18 16:38:46","Conference Paper","10.1109/CSCWD49262.2021.9437632","","https://api.elsevier.com/content/abstract/scopus_id/85107802449",,,563,568,12,4.00,12,1,3,"","",""
12,"A.M. Sadiq","Human sentiment and activity recognition in disaster situations using social media images based on deep learning",2020,"Sensors (Switzerland)","","","https://www.scopus.com/inward/citedby.uri?partnerID=HzOxMe3b&scp=85097555557&origin=inward",27,"2024-04-18 16:38:46","Article","10.3390/s20247115","1424-8220","https://api.elsevier.com/content/abstract/scopus_id/85097555557",20,24,1,26,12,3.00,12,1,4,"","",""
12,"J. Li","Joint Deep and Depth for Object-Level Segmentation and Stereo Tracking in Crowds",2019,"IEEE Transactions on Multimedia","","","https://www.scopus.com/inward/citedby.uri?partnerID=HzOxMe3b&scp=85072747927&origin=inward",28,"2024-04-18 16:38:46","Article","10.1109/TMM.2019.2908350","1520-9210","https://api.elsevier.com/content/abstract/scopus_id/85072747927",21,10,2531,2544,12,2.40,12,1,5,"","",""
11,"B. Tyagi","A Review of Deep Learning Techniques for Crowd Behavior Analysis",2022,"Archives of Computational Methods in Engineering","","","https://www.scopus.com/inward/citedby.uri?partnerID=HzOxMe3b&scp=85132579005&origin=inward",29,"2024-04-18 16:38:46","Review","10.1007/s11831-022-09772-1","1134-3060","https://api.elsevier.com/content/abstract/scopus_id/85132579005",29,7,5427,5455,11,5.50,11,1,2,"","",""
11,"Y. Ge","Pedestrian tracking algorithm for dense crowd based on deep learning",2019,"2019 6th International Conference on Systems and Informatics, ICSAI 2019","","","https://www.scopus.com/inward/citedby.uri?partnerID=HzOxMe3b&scp=85081980816&origin=inward",30,"2024-04-18 16:38:46","Conference Paper","10.1109/ICSAI48974.2019.9010144","","https://api.elsevier.com/content/abstract/scopus_id/85081980816",,,568,572,11,2.20,11,1,5,"","",""
10,"Y. Guo","Multi-person multi-camera tracking for live stream videos based on improved motion model and matching cascade",2022,"Neurocomputing","","https://api.elsevier.com/content/article/eid/1-s2.0-S0925231221018865","https://www.scopus.com/inward/citedby.uri?partnerID=HzOxMe3b&scp=85122827009&origin=inward",31,"2024-04-18 16:38:46","Article","10.1016/j.neucom.2021.12.047","0925-2312","https://api.elsevier.com/content/abstract/scopus_id/85122827009",492,,561,571,10,5.00,10,1,2,"","",""
10,"T. Zhang","Collaborative algorithms that combine AI with IoT towards monitoring and control system",2021,"Future Generation Computer Systems","","https://api.elsevier.com/content/article/eid/1-s2.0-S0167739X21002697","https://www.scopus.com/inward/citedby.uri?partnerID=HzOxMe3b&scp=85111899245&origin=inward",32,"2024-04-18 16:38:46","Article","10.1016/j.future.2021.07.008","0167-739X","https://api.elsevier.com/content/abstract/scopus_id/85111899245",125,,677,686,10,3.33,10,1,3,"","",""
10,"P. Juyal","Locating people in Real-World for Assisting Crowd Behaviour Analysis Using SSD and Deep SORT Algorithm",2021,"2021 International Conference on Wireless Communications, Signal Processing and Networking, WiSPNET 2021","","","https://www.scopus.com/inward/citedby.uri?partnerID=HzOxMe3b&scp=85106483354&origin=inward",33,"2024-04-18 16:38:46","Conference Paper","10.1109/WiSPNET51692.2021.9419455","","https://api.elsevier.com/content/abstract/scopus_id/85106483354",,,350,353,10,3.33,10,1,3,"","",""
10,"U.K. Sreekumar","Real-time traffic pattern collection and analysis model for intelligent traffic intersection",2018,"Proceedings - 2018 IEEE International Conference on Edge Computing, EDGE 2018 - Part of the 2018 IEEE World Congress on Services","","","https://www.scopus.com/inward/citedby.uri?partnerID=HzOxMe3b&scp=85055667222&origin=inward",34,"2024-04-18 16:38:46","Conference Paper","10.1109/EDGE.2018.00028","","https://api.elsevier.com/content/abstract/scopus_id/85055667222",,,140,143,10,1.67,10,1,6,"","",""
9,"X. Lu","Socially aware robot navigation in crowds via deep reinforcement learning with resilient reward functions",2022,"Advanced Robotics","","","https://www.scopus.com/inward/citedby.uri?partnerID=HzOxMe3b&scp=85126260523&origin=inward",35,"2024-04-18 16:38:46","Article","10.1080/01691864.2022.2043184","0169-1864","https://api.elsevier.com/content/abstract/scopus_id/85126260523",36,8,388,403,9,4.50,9,1,2,"","",""
9,"T. Pei","Big geodata aggregation: Connotation, classification, and framework",2021,"National Remote Sensing Bulletin","","","https://www.scopus.com/inward/citedby.uri?partnerID=HzOxMe3b&scp=85120422528&origin=inward",36,"2024-04-18 16:38:46","Article","10.11834/jrs.20210480","1007-4619","https://api.elsevier.com/content/abstract/scopus_id/85120422528",25,11,2153,2162,9,3.00,9,1,3,"","",""
9,"Q. You","ACTION4D: Online action recognition in the crowd and clutter",2019,"Proceedings of the IEEE Computer Society Conference on Computer Vision and Pattern Recognition","","","https://www.scopus.com/inward/citedby.uri?partnerID=HzOxMe3b&scp=85078732402&origin=inward",37,"2024-04-18 16:38:46","Conference Paper","10.1109/CVPR.2019.01213","1063-6919","https://api.elsevier.com/content/abstract/scopus_id/85078732402",2019,,11849,11858,9,1.80,9,1,5,"","",""
8,"S. Nikkath Bushra","Smart Video Survillance Based Weapon Identification Using Yolov5",2022,"Proceedings of the 2022 International Conference on Electronic Systems and Intelligent Computing, ICESIC 2022","","","https://www.scopus.com/inward/citedby.uri?partnerID=HzOxMe3b&scp=85133243074&origin=inward",38,"2024-04-18 16:38:46","Conference Paper","10.1109/ICESIC53714.2022.9783499","","https://api.elsevier.com/content/abstract/scopus_id/85133243074",,,351,357,8,4.00,8,1,2,"","",""
8,"S. Thomopoulos","Automated real-time risk assessment for airport passengers using a deep learning architecture",2019,"Proceedings of SPIE - The International Society for Optical Engineering","","","https://www.scopus.com/inward/citedby.uri?partnerID=HzOxMe3b&scp=85070808629&origin=inward",39,"2024-04-18 16:38:46","Conference Paper","10.1117/12.2519857","0277-786X","https://api.elsevier.com/content/abstract/scopus_id/85070808629",11018,,,,8,1.60,8,1,5,"","",""
8,"J. Huang","Real-time clothing detection with convolutional neural network",2019,"Advances in Intelligent Systems and Computing","","","https://www.scopus.com/inward/citedby.uri?partnerID=HzOxMe3b&scp=85053272237&origin=inward",40,"2024-04-18 16:38:46","Conference Paper","10.1007/978-981-10-8944-2_28","2194-5357","https://api.elsevier.com/content/abstract/scopus_id/85053272237",752,,233,239,8,1.60,8,1,5,"","",""
7,"S. Li","Extraction and modelling application of evacuation movement characteristic parameters in real earthquake evacuation video based on deep learning",2022,"International Journal of Disaster Risk Reduction","","https://api.elsevier.com/content/article/eid/1-s2.0-S2212420922004320","https://www.scopus.com/inward/citedby.uri?partnerID=HzOxMe3b&scp=85136307619&origin=inward",41,"2024-04-18 16:38:46","Article","10.1016/j.ijdrr.2022.103213","2212-4209","https://api.elsevier.com/content/abstract/scopus_id/85136307619",80,,,,7,3.50,7,1,2,"","",""
7,"P. Pandiyan","Real-time monitoring of social distancing with person marking and tracking system using YOLO V3 model",2022,"International Journal of Sensor Networks","","","https://www.scopus.com/inward/citedby.uri?partnerID=HzOxMe3b&scp=85127583747&origin=inward",42,"2024-04-18 16:38:46","Article","10.1504/IJSNET.2022.121700","1748-1279","https://api.elsevier.com/content/abstract/scopus_id/85127583747",38,3,154,165,7,3.50,7,1,2,"","",""
7,"T. Zhou","A Survey of Research on Crowd Abnormal Behavior Detection Algorithm Based on YOLO Network",2022,"2022 2nd International Conference on Consumer Electronics and Computer Engineering, ICCECE 2022","","","https://www.scopus.com/inward/citedby.uri?partnerID=HzOxMe3b&scp=85126927805&origin=inward",43,"2024-04-18 16:38:46","Conference Paper","10.1109/ICCECE54139.2022.9712684","","https://api.elsevier.com/content/abstract/scopus_id/85126927805",,,783,786,7,3.50,7,1,2,"","",""
7,"S. Liu","COVID-19 face mask detection in a crowd using multi-model based on YOLOv3 and hand-crafted features",2021,"Proceedings of SPIE - The International Society for Optical Engineering","","","https://www.scopus.com/inward/citedby.uri?partnerID=HzOxMe3b&scp=85108782123&origin=inward",44,"2024-04-18 16:38:46","Conference Paper","10.1117/12.2586984","0277-786X","https://api.elsevier.com/content/abstract/scopus_id/85108782123",11734,,,,7,2.33,7,1,3,"","",""
7,"R. Alotaibi","Performance comparison and analysis for large-scale crowd counting based on convolutional neural networks",2020,"IEEE Access","","","https://www.scopus.com/inward/citedby.uri?partnerID=HzOxMe3b&scp=85102790718&origin=inward",45,"2024-04-18 16:38:46","Article","10.1109/ACCESS.2020.3037395","2169-3536","https://api.elsevier.com/content/abstract/scopus_id/85102790718",8,,204425,204432,7,1.75,7,1,4,"","",""
7,"N.K. Tagore","T-MAN: a neural ensemble approach for person re-identification using spatio-temporal information",2020,"Multimedia Tools and Applications","","","https://www.scopus.com/inward/citedby.uri?partnerID=HzOxMe3b&scp=85089009899&origin=inward",46,"2024-04-18 16:38:46","Article","10.1007/s11042-020-09398-0","1380-7501","https://api.elsevier.com/content/abstract/scopus_id/85089009899",79,37,28393,28409,7,1.75,7,1,4,"","",""
7,"Z.Q. Cao","Review of pedestrian tracking: Algorithms and applications",2020,"Wuli Xuebao/Acta Physica Sinica","","","https://www.scopus.com/inward/citedby.uri?partnerID=HzOxMe3b&scp=85084942861&origin=inward",47,"2024-04-18 16:38:46","Review","10.7498/aps.69.20191721","1000-3290","https://api.elsevier.com/content/abstract/scopus_id/85084942861",69,8,,,7,1.75,7,1,4,"","",""
6,"H. El Hafyani","Learning the micro-environment from rich trajectories in the context of mobile crowd sensing: Application to air quality monitoring",2022,"GeoInformatica","","","https://www.scopus.com/inward/citedby.uri?partnerID=HzOxMe3b&scp=85138336698&origin=inward",48,"2024-04-18 16:38:46","Article","10.1007/s10707-022-00471-4","1384-6175","https://api.elsevier.com/content/abstract/scopus_id/85138336698",,,,,6,3.00,6,1,2,"","",""
6,"X. Huang","Face Verification Based on Deep Learning for Person Tracking in Hazardous Goods Factories",2022,"Processes","","","https://www.scopus.com/inward/citedby.uri?partnerID=HzOxMe3b&scp=85125105561&origin=inward",49,"2024-04-18 16:38:46","Article","10.3390/pr10020380","2227-9717","https://api.elsevier.com/content/abstract/scopus_id/85125105561",10,2,,,6,3.00,6,1,2,"","",""
6,"Z. Li","A Deep Pedestrian Tracking SSD-Based Model in the Sudden Emergency or Violent Environment",2021,"Journal of Advanced Transportation","","","https://www.scopus.com/inward/citedby.uri?partnerID=HzOxMe3b&scp=85111542781&origin=inward",50,"2024-04-18 16:38:46","Article","10.1155/2021/2085876","0197-6729","https://api.elsevier.com/content/abstract/scopus_id/85111542781",2021,,,,6,2.00,6,1,3,"","",""
6,"C.J. Jin","The Automatic Detection of Pedestrians under the High-Density Conditions by Deep Learning Techniques",2021,"Journal of Advanced Transportation","","","https://www.scopus.com/inward/citedby.uri?partnerID=HzOxMe3b&scp=85105285299&origin=inward",51,"2024-04-18 16:38:46","Article","10.1155/2021/1396326","0197-6729","https://api.elsevier.com/content/abstract/scopus_id/85105285299",2021,,,,6,2.00,6,1,3,"","",""
6,"M.M. Özbek","Subjective analysis of social distance monitoring using YOLO v3 architecture and crowd tracking system",2021,"Turkish Journal of Electrical Engineering and Computer Sciences","","","https://www.scopus.com/inward/citedby.uri?partnerID=HzOxMe3b&scp=85104778691&origin=inward",52,"2024-04-18 16:38:46","Article","10.3906/ELK-2008-66","1300-0632","https://api.elsevier.com/content/abstract/scopus_id/85104778691",29,2,1157,1170,6,2.00,6,1,3,"","",""
6,"D. Chemodanov","Fog computing to enable geospatial video analytics for disaster-incident situational awareness",2020,"Fog Computing: Theory and Practice","","","https://www.scopus.com/inward/citedby.uri?partnerID=HzOxMe3b&scp=85102162229&origin=inward",53,"2024-04-18 16:38:46","Book Chapter","10.1002/9781119551713.ch19","","https://api.elsevier.com/content/abstract/scopus_id/85102162229",,,473,503,6,1.50,6,1,4,"","",""
6,"Q. Xu","Deep Learning Technique Based Surveillance Video Analysis for the Store",2020,"Applied Artificial Intelligence","","","https://www.scopus.com/inward/citedby.uri?partnerID=HzOxMe3b&scp=85089992962&origin=inward",54,"2024-04-18 16:38:46","Article","10.1080/08839514.2020.1784611","0883-9514","https://api.elsevier.com/content/abstract/scopus_id/85089992962",34,14,1055,1073,6,1.50,6,1,4,"","",""
6,"Y. Gao","RGB-D Segmentation Method for Group Piglets Images Based on Double-pyramid Network",2020,"Nongye Jixie Xuebao/Transactions of the Chinese Society for Agricultural Machinery","","","https://www.scopus.com/inward/citedby.uri?partnerID=HzOxMe3b&scp=85088915969&origin=inward",55,"2024-04-18 16:38:46","Article","10.6041/j.issn.1000-1298.2020.07.005","1000-1298","https://api.elsevier.com/content/abstract/scopus_id/85088915969",51,7,36,43,6,1.50,6,1,4,"","",""
6,"P. Qiu","Anomaly detection in a crowd using a cascade of deep learning networks",2018,"Advances in Intelligent Systems and Computing","","","https://www.scopus.com/inward/citedby.uri?partnerID=HzOxMe3b&scp=85043757519&origin=inward",56,"2024-04-18 16:38:46","Conference Paper","10.1007/978-981-10-7512-4_59","2194-5357","https://api.elsevier.com/content/abstract/scopus_id/85043757519",672,,596,607,6,1.00,6,1,6,"","",""
5,"A. Pujara","DeepSORT: Real Time &amp; Multi-Object Detection and Tracking with YOLO and TensorFlow",2022,"Proceedings - International Conference on Augmented Intelligence and Sustainable Systems, ICAISS 2022","","","https://www.scopus.com/inward/citedby.uri?partnerID=HzOxMe3b&scp=85147547231&origin=inward",57,"2024-04-18 16:38:46","Conference Paper","10.1109/ICAISS55157.2022.10011018","","https://api.elsevier.com/content/abstract/scopus_id/85147547231",,,456,460,5,2.50,5,1,2,"","",""
5,"G. Castellano","Density-based clustering with fully-convolutional networks for crowd flow detection from drones",2023,"Neurocomputing","","https://api.elsevier.com/content/article/eid/1-s2.0-S0925231223000681","https://www.scopus.com/inward/citedby.uri?partnerID=HzOxMe3b&scp=85146544488&origin=inward",58,"2024-04-18 16:38:46","Article","10.1016/j.neucom.2023.01.059","0925-2312","https://api.elsevier.com/content/abstract/scopus_id/85146544488",526,,169,179,5,5.00,5,1,1,"","",""
5,"N.K. Kaliappan","Intelligent video surveillance using enhanced deep belief based multilayered convolution neural network classification techniques",2022,"Photogrammetric Record","","","https://www.scopus.com/inward/citedby.uri?partnerID=HzOxMe3b&scp=85141949570&origin=inward",59,"2024-04-18 16:38:46","Article","10.1111/phor.12429","0031-868X","https://api.elsevier.com/content/abstract/scopus_id/85141949570",37,180,490,502,5,2.50,5,1,2,"","",""
5,"S. Sivachandiran","Deep Learning driven automated person detection and tracking model on surveillance videos",2022,"Measurement: Sensors","","https://api.elsevier.com/content/article/eid/1-s2.0-S2665917422000563","https://www.scopus.com/inward/citedby.uri?partnerID=HzOxMe3b&scp=85137699030&origin=inward",60,"2024-04-18 16:38:46","Article","10.1016/j.measen.2022.100422","2665-9174","https://api.elsevier.com/content/abstract/scopus_id/85137699030",24,,,,5,2.50,5,1,2,"","",""
5,"Y. Doğan","An augmented crowd simulation system using automatic determination of navigable areas",2021,"Computers and Graphics (Pergamon)","","https://api.elsevier.com/content/article/eid/1-s2.0-S0097849321000121","https://www.scopus.com/inward/citedby.uri?partnerID=HzOxMe3b&scp=85101847406&origin=inward",61,"2024-04-18 16:38:46","Article","10.1016/j.cag.2021.01.012","0097-8493","https://api.elsevier.com/content/abstract/scopus_id/85101847406",95,,141,155,5,1.67,5,1,3,"","",""
4,"S. Mishra","Real-Time Pedestrian Detection using YOLO",2023,"2023 International Conference on Recent Advances in Electrical, Electronics and Digital Healthcare Technologies, REEDCON 2023","","","https://www.scopus.com/inward/citedby.uri?partnerID=HzOxMe3b&scp=85163872595&origin=inward",62,"2024-04-18 16:38:46","Conference Paper","10.1109/REEDCON57544.2023.10151150","","https://api.elsevier.com/content/abstract/scopus_id/85163872595",,,84,88,4,4.00,4,1,1,"","",""
4,"M. Alhameed","Rapid Detection of Pilgrims Whereabouts During Hajj and Umrah by Wireless Communication Framework : An application AI and Deep Learning",2023,"2023 International Conference on Emerging Smart Computing and Informatics, ESCI 2023","","","https://www.scopus.com/inward/citedby.uri?partnerID=HzOxMe3b&scp=85158109451&origin=inward",63,"2024-04-18 16:38:46","Conference Paper","10.1109/ESCI56872.2023.10099969","","https://api.elsevier.com/content/abstract/scopus_id/85158109451",,,,,4,4.00,4,1,1,"","",""
4,"G. Monaci","DiPCAN: Distilling Privileged Information for Crowd-Aware Navigation",2022,"Robotics: Science and Systems","","","https://www.scopus.com/inward/citedby.uri?partnerID=HzOxMe3b&scp=85137702169&origin=inward",64,"2024-04-18 16:38:46","Conference Paper","10.15607/RSS.2022.XVIII.045","2330-765X","https://api.elsevier.com/content/abstract/scopus_id/85137702169",,,,,4,2.00,4,1,2,"","",""
4,"A. Taylor","REGROUP: A Robot-Centric Group Detection and Tracking System",2022,"ACM/IEEE International Conference on Human-Robot Interaction","","","https://www.scopus.com/inward/citedby.uri?partnerID=HzOxMe3b&scp=85129884490&origin=inward",65,"2024-04-18 16:38:46","Conference Paper","10.1109/HRI53351.2022.9889634","2167-2148","https://api.elsevier.com/content/abstract/scopus_id/85129884490",2022,,412,421,4,2.00,4,1,2,"","",""
4,"A.M. Lad","Comparative Analysis of Convolutional Neural Network Architectures for Real Time COVID-19 Facial Mask Detection",2021,"Journal of Physics: Conference Series","","","https://www.scopus.com/inward/citedby.uri?partnerID=HzOxMe3b&scp=85112421108&origin=inward",66,"2024-04-18 16:38:46","Conference Paper","10.1088/1742-6596/1969/1/012037","1742-6588","https://api.elsevier.com/content/abstract/scopus_id/85112421108",1969,1,,,4,1.33,4,1,3,"","",""
4,"G. Madhumitha","Estimation of Collision Priority on Traffic Videos using Deep Learning",2020,"Proceedings of the 2020 IEEE International Conference on Machine Learning and Applied Network Technologies, ICMLANT 2020","","","https://www.scopus.com/inward/citedby.uri?partnerID=HzOxMe3b&scp=85102206971&origin=inward",67,"2024-04-18 16:38:46","Conference Paper","10.1109/ICMLANT50963.2020.9355992","","https://api.elsevier.com/content/abstract/scopus_id/85102206971",,,,,4,1.00,4,1,4,"","",""
4,"R. Tse","Privacy aware crowd-counting using thermal cameras",2020,"Proceedings of SPIE - The International Society for Optical Engineering","","","https://www.scopus.com/inward/citedby.uri?partnerID=HzOxMe3b&scp=85087935356&origin=inward",68,"2024-04-18 16:38:46","Conference Paper","10.1117/12.2572949","0277-786X","https://api.elsevier.com/content/abstract/scopus_id/85087935356",11519,,,,4,1.00,4,1,4,"","",""
4,"K.G.V. Kiran","Real-time aerial suspicious analysis (ASANA) system for the identification and re-identification of suspicious individuals using the bayesian scatternet hybrid (BSH) network",2019,"Proceedings - 2019 International Conference on Computer Vision Workshop, ICCVW 2019","","","https://www.scopus.com/inward/citedby.uri?partnerID=HzOxMe3b&scp=85082461447&origin=inward",69,"2024-04-18 16:38:46","Conference Paper","10.1109/ICCVW.2019.00015","","https://api.elsevier.com/content/abstract/scopus_id/85082461447",,,73,81,4,0.80,4,1,5,"","",""
3,"A. Parmiggiani","Don't get lost in the crowd: Graph convolutional network for online animal tracking in dense groups",2023,"Computers and Electronics in Agriculture","","https://api.elsevier.com/content/article/eid/1-s2.0-S016816992300426X","https://www.scopus.com/inward/citedby.uri?partnerID=HzOxMe3b&scp=85165543177&origin=inward",70,"2024-04-18 16:38:46","Article","10.1016/j.compag.2023.108038","0168-1699","https://api.elsevier.com/content/abstract/scopus_id/85165543177",212,,,,3,3.00,3,1,1,"","",""
3,"F. Abdullah","Context Aware Crowd Tracking and Anomaly Detection via Deep Learning and Social Force Model",2023,"IEEE Access","","","https://www.scopus.com/inward/citedby.uri?partnerID=HzOxMe3b&scp=85153684044&origin=inward",71,"2024-04-18 16:38:46","Article","10.1109/ACCESS.2023.3293537","2169-3536","https://api.elsevier.com/content/abstract/scopus_id/85153684044",11,,75884,75898,3,3.00,3,1,1,"","",""
3,"A. Raj","Estimating social distance in public places for COVID-19 protocol using region CNN",2023,"Indonesian Journal of Electrical Engineering and Computer Science","","","https://www.scopus.com/inward/citedby.uri?partnerID=HzOxMe3b&scp=85147167654&origin=inward",72,"2024-04-18 16:38:46","Article","10.11591/ijeecs.v30.i1.pp414-421","2502-4752","https://api.elsevier.com/content/abstract/scopus_id/85147167654",30,1,414,421,3,3.00,3,1,1,"","",""
3,"J. Nair","Fake News Detection Model for Regional Language",2022,"2022 IEEE 7th International conference for Convergence in Technology, I2CT 2022","","","https://www.scopus.com/inward/citedby.uri?partnerID=HzOxMe3b&scp=85135619673&origin=inward",73,"2024-04-18 16:38:46","Conference Paper","10.1109/I2CT54291.2022.9824641","","https://api.elsevier.com/content/abstract/scopus_id/85135619673",,,,,3,1.50,3,1,2,"","",""
3,"A. Negi","Viability and Applicability of Deep Learning Approach for COVID-19 Preventive Measures Implementation",2022,"Lecture Notes in Electrical Engineering","","","https://www.scopus.com/inward/citedby.uri?partnerID=HzOxMe3b&scp=85128786918&origin=inward",74,"2024-04-18 16:38:46","Conference Paper","10.1007/978-981-16-8546-0_30","1876-1100","https://api.elsevier.com/content/abstract/scopus_id/85128786918",837,,367,379,3,1.50,3,1,2,"","",""
3,"J.M. Khurpade","The Effect of Virtual Reality and Heart Rate Variability Using Deep Learning for Reducing Stage Fright- Glossophobia",2020,"2020 International Conference on Industry 4.0 Technology, I4Tech 2020","","","https://www.scopus.com/inward/citedby.uri?partnerID=HzOxMe3b&scp=85086310133&origin=inward",75,"2024-04-18 16:38:46","Conference Paper","10.1109/I4Tech48345.2020.9102645","","https://api.elsevier.com/content/abstract/scopus_id/85086310133",,,195,198,3,0.75,3,1,4,"","",""
2,"P. Foszner","Development of a Realistic Crowd Simulation Environment for Fine-Grained Validation of People Tracking Methods",2023,"Proceedings of the International Joint Conference on Computer Vision, Imaging and Computer Graphics Theory and Applications","","","https://www.scopus.com/inward/citedby.uri?partnerID=HzOxMe3b&scp=85172252099&origin=inward",76,"2024-04-18 16:38:46","Conference Paper","10.5220/0011691500003417","2184-5921","https://api.elsevier.com/content/abstract/scopus_id/85172252099",1,,222,229,2,2.00,2,1,1,"","",""
2,"G. Cheng","Multi-objective deep reinforcement learning for crowd-aware robot navigation with dynamic human preference",2023,"Neural Computing and Applications","","","https://www.scopus.com/inward/citedby.uri?partnerID=HzOxMe3b&scp=85161891668&origin=inward",77,"2024-04-18 16:38:46","Article","10.1007/s00521-023-08385-4","0941-0643","https://api.elsevier.com/content/abstract/scopus_id/85161891668",35,22,16247,16265,2,2.00,2,1,1,"","",""
2,"W. Zhu","Autonomous Navigation System in Pedestrian Scenarios Using a Dreamer-Based Motion Planner",2023,"IEEE Robotics and Automation Letters","","","https://www.scopus.com/inward/citedby.uri?partnerID=HzOxMe3b&scp=85159829981&origin=inward",78,"2024-04-18 16:38:46","Article","10.1109/LRA.2023.3273514","2377-3766","https://api.elsevier.com/content/abstract/scopus_id/85159829981",8,6,3835,3842,2,2.00,2,1,1,"","",""
2,"N. Thakur","Autonomous pedestrian detection for crowd surveillance using deep learning framework",2023,"Soft Computing","","","https://www.scopus.com/inward/citedby.uri?partnerID=HzOxMe3b&scp=85159345440&origin=inward",79,"2024-04-18 16:38:46","Article","10.1007/s00500-023-08289-4","1432-7643","https://api.elsevier.com/content/abstract/scopus_id/85159345440",27,14,9383,9399,2,2.00,2,1,1,"","",""
2,"B. Yao","Using Machine Learning Approach to Construct the People Flow Tracking System for Smart Cities",2023,"Computer Science and Information Systems","","","https://www.scopus.com/inward/citedby.uri?partnerID=HzOxMe3b&scp=85159086653&origin=inward",80,"2024-04-18 16:38:46","Article","10.2298/CSIS220813014Y","1820-0214","https://api.elsevier.com/content/abstract/scopus_id/85159086653",20,2,679,700,2,2.00,2,1,1,"","",""
2,"V.W.H. Wong","Fusion of CCTV Video and Spatial Information for Automated Crowd Congestion Monitoring in Public Urban Spaces",2023,"Algorithms","","","https://www.scopus.com/inward/citedby.uri?partnerID=HzOxMe3b&scp=85151057559&origin=inward",81,"2024-04-18 16:38:46","Article","10.3390/a16030154","1999-4893","https://api.elsevier.com/content/abstract/scopus_id/85151057559",16,3,,,2,2.00,2,1,1,"","",""
2,"A.M. Arul Raj","Estimation of Social Distance for COVID19 Prevention using K-Nearest Neighbor Algorithm through deep learning",2022,"MysuruCon 2022 - 2022 IEEE 2nd Mysore Sub Section International Conference","","","https://www.scopus.com/inward/citedby.uri?partnerID=HzOxMe3b&scp=85145357941&origin=inward",82,"2024-04-18 16:38:46","Conference Paper","10.1109/MysuruCon55714.2022.9972422","","https://api.elsevier.com/content/abstract/scopus_id/85145357941",,,,,2,1.00,2,1,2,"","",""
2,"J. Silva Deena","Real-time based Violence Detection from CCTV Camera using Machine Learning Method",2022,"2022 International Conference on Industry 4.0 Technology, I4Tech 2022","","","https://www.scopus.com/inward/citedby.uri?partnerID=HzOxMe3b&scp=85143769554&origin=inward",83,"2024-04-18 16:38:46","Conference Paper","10.1109/I4Tech55392.2022.9952805","","https://api.elsevier.com/content/abstract/scopus_id/85143769554",,,,,2,1.00,2,1,2,"","",""
2,"M. Nishimura","ViewBirdiformer: Learning to Recover Ground-Plane Crowd Trajectories and Ego-Motion From a Single Ego-Centric View",2023,"IEEE Robotics and Automation Letters","","","https://www.scopus.com/inward/citedby.uri?partnerID=HzOxMe3b&scp=85141548244&origin=inward",84,"2024-04-18 16:38:46","Article","10.1109/LRA.2022.3221335","2377-3766","https://api.elsevier.com/content/abstract/scopus_id/85141548244",8,1,368,375,2,2.00,2,1,1,"","",""
2,"I.A. Dahlan","Real-time passenger social distance monitoring with video analytics using deep learning in railway station",2022,"Indonesian Journal of Electrical Engineering and Computer Science","","","https://www.scopus.com/inward/citedby.uri?partnerID=HzOxMe3b&scp=85129538119&origin=inward",85,"2024-04-18 16:38:46","Article","10.11591/ijeecs.v26.i2.pp773-784","2502-4752","https://api.elsevier.com/content/abstract/scopus_id/85129538119",26,2,773,784,2,1.00,2,1,2,"","",""
2,"K. Manojkumar","Behavioural Analysis for Prospects in Crowd Emotion Sensing: A Survey",2021,"Proceedings of the 3rd International Conference on Inventive Research in Computing Applications, ICIRCA 2021","","","https://www.scopus.com/inward/citedby.uri?partnerID=HzOxMe3b&scp=85116868343&origin=inward",86,"2024-04-18 16:38:46","Conference Paper","10.1109/ICIRCA51532.2021.9544607","","https://api.elsevier.com/content/abstract/scopus_id/85116868343",,,735,743,2,0.67,2,1,3,"","",""
2,"S.C.A. Thomopoulos","Anomaly detection with noisy and missing data using a deep learning architecture",2021,"Proceedings of SPIE - The International Society for Optical Engineering","","","https://www.scopus.com/inward/citedby.uri?partnerID=HzOxMe3b&scp=85109172564&origin=inward",87,"2024-04-18 16:38:46","Conference Paper","10.1117/12.2589981","0277-786X","https://api.elsevier.com/content/abstract/scopus_id/85109172564",11756,,,,2,0.67,2,1,3,"","",""
2,"T.C. Kübler","55 Rides: Attention annotated head and gaze data during naturalistic driving",2021,"Eye Tracking Research and Applications Symposium (ETRA)","","","https://www.scopus.com/inward/citedby.uri?partnerID=HzOxMe3b&scp=85107577538&origin=inward",88,"2024-04-18 16:38:46","Conference Paper","10.1145/3448018.3457993","","https://api.elsevier.com/content/abstract/scopus_id/85107577538",,,,,2,0.67,2,1,3,"","",""
2,"H. Shimizu","Deep Reinforcement Learning for Pedestrian Guidance",2021,"Lecture Notes in Computer Science (including subseries Lecture Notes in Artificial Intelligence and Lecture Notes in Bioinformatics)","","","https://www.scopus.com/inward/citedby.uri?partnerID=HzOxMe3b&scp=85102775864&origin=inward",89,"2024-04-18 16:38:46","Conference Paper","10.1007/978-3-030-69322-0_22","0302-9743","https://api.elsevier.com/content/abstract/scopus_id/85102775864",12568,,334,342,2,0.67,2,1,3,"","",""
2,"G. Franchi","Tracking Hundreds of People in Densely Crowded Scenes with Particle Filtering Supervising Deep Convolutional Neural Networks",2020,"Proceedings - International Conference on Image Processing, ICIP","","","https://www.scopus.com/inward/citedby.uri?partnerID=HzOxMe3b&scp=85098621858&origin=inward",90,"2024-04-18 16:38:46","Conference Paper","10.1109/ICIP40778.2020.9190953","1522-4880","https://api.elsevier.com/content/abstract/scopus_id/85098621858",2020,,2071,2075,2,0.50,2,1,4,"","",""
2,"R. Garello","Technologies for Observing and Monitoring Plastics in the Oceans",2019,"OCEANS 2019 - Marseille, OCEANS Marseille 2019","","","https://www.scopus.com/inward/citedby.uri?partnerID=HzOxMe3b&scp=85083076295&origin=inward",91,"2024-04-18 16:38:46","Conference Paper","10.1109/OCEANSE.2019.8867401","","https://api.elsevier.com/content/abstract/scopus_id/85083076295",2019,,,,2,0.40,2,1,5,"","",""
1,"J. Wan","Modeling Noisy Annotations for Point-Wise Supervision",2023,"IEEE Transactions on Pattern Analysis and Machine Intelligence","","","https://www.scopus.com/inward/citedby.uri?partnerID=HzOxMe3b&scp=85166287958&origin=inward",92,"2024-04-18 16:38:46","Article","10.1109/TPAMI.2023.3299753","0162-8828","https://api.elsevier.com/content/abstract/scopus_id/85166287958",45,12,15065,15080,1,1.00,1,1,1,"","",""
1,"V. Rakesh","Real Time Object Recognition Using OpenCV and Numpy in Python",2023,"International Conference on Innovative Data Communication Technologies and Application, ICIDCA 2023 - Proceedings","","","https://www.scopus.com/inward/citedby.uri?partnerID=HzOxMe3b&scp=85159121054&origin=inward",93,"2024-04-18 16:38:46","Conference Paper","10.1109/ICIDCA56705.2023.10099584","","https://api.elsevier.com/content/abstract/scopus_id/85159121054",,,421,426,1,1.00,1,1,1,"","",""
1,"N. Lodha","Covid-19 crowd detection and alert system using image processing",2023,"2023 International Conference on Advances in Intelligent Computing and Applications, AICAPS 2023","","","https://www.scopus.com/inward/citedby.uri?partnerID=HzOxMe3b&scp=85152192061&origin=inward",94,"2024-04-18 16:38:46","Conference Paper","10.1109/AICAPS57044.2023.10074221","","https://api.elsevier.com/content/abstract/scopus_id/85152192061",,,,,1,1.00,1,1,1,"","",""
1,"H.T. Ingale","Deep Learning for Crowd Image Classification for Images Captured Under Varying Climatic and Lighting Condition",2022,"IBSSC 2022 - IEEE Bombay Section Signature Conference","","","https://www.scopus.com/inward/citedby.uri?partnerID=HzOxMe3b&scp=85149133847&origin=inward",95,"2024-04-18 16:38:46","Conference Paper","10.1109/IBSSC56953.2022.10037341","","https://api.elsevier.com/content/abstract/scopus_id/85149133847",,,,,1,0.50,1,1,2,"","",""
1,"B. Behera","Deep learning for observation of road surfaces and identification of path holes",2021,"Materials Today: Proceedings","","https://api.elsevier.com/content/article/eid/1-s2.0-S2214785321022161","https://www.scopus.com/inward/citedby.uri?partnerID=HzOxMe3b&scp=85146334448&origin=inward",96,"2024-04-18 16:38:46","Conference Paper","10.1016/j.matpr.2021.03.197","2214-7853","https://api.elsevier.com/content/abstract/scopus_id/85146334448",81,2,310,313,1,0.33,1,1,3,"","",""
1,"Z. Qi","Multiple Pedestrian Tracking in Dense Crowds Combined with Head Tracking",2023,"Applied Sciences (Switzerland)","","","https://www.scopus.com/inward/citedby.uri?partnerID=HzOxMe3b&scp=85145743679&origin=inward",97,"2024-04-18 16:38:46","Article","10.3390/app13010440","2076-3417","https://api.elsevier.com/content/abstract/scopus_id/85145743679",13,1,,,1,1.00,1,1,1,"","",""
1,"K.H. Yeh","An Aerial Crowd-Flow Analyzing System for Drone under YOLOv5 and StrongSort",2022,"2022 International Automatic Control Conference, CACS 2022","","","https://www.scopus.com/inward/citedby.uri?partnerID=HzOxMe3b&scp=85144621831&origin=inward",98,"2024-04-18 16:38:46","Conference Paper","10.1109/CACS55319.2022.9969785","","https://api.elsevier.com/content/abstract/scopus_id/85144621831",,,,,1,0.50,1,1,2,"","",""
1,"M.S. Junayed","Automated Physical Distance Estimation and Crowd Monitoring Through Surveillance Video",2023,"SN Computer Science","","","https://www.scopus.com/inward/citedby.uri?partnerID=HzOxMe3b&scp=85142483094&origin=inward",99,"2024-04-18 16:38:46","Article","10.1007/s42979-022-01480-8","2662-995X","https://api.elsevier.com/content/abstract/scopus_id/85142483094",4,1,,,1,1.00,1,1,1,"","",""
1,"L. De Cock","Smart Crowd Management: The Data, the Users and the Solution",2022,"Leibniz International Proceedings in Informatics, LIPIcs","","","https://www.scopus.com/inward/citedby.uri?partnerID=HzOxMe3b&scp=85137685979&origin=inward",100,"2024-04-18 16:38:46","Conference Paper","10.4230/LIPIcs.COSIT.2022.16","1868-8969","https://api.elsevier.com/content/abstract/scopus_id/85137685979",240,,,,1,0.50,1,1,2,"","",""
1,"D. Lingineni","Object Detection and Tracking Using DeepSORT",2023,"Lecture Notes on Data Engineering and Communications Technologies","","","https://www.scopus.com/inward/citedby.uri?partnerID=HzOxMe3b&scp=85137559438&origin=inward",101,"2024-04-18 16:38:46","Book Chapter","10.1007/978-981-19-3391-2_23","2367-4512","https://api.elsevier.com/content/abstract/scopus_id/85137559438",142,,303,312,1,1.00,1,1,1,"","",""
1,"S.M. Bae","Selective face de-identification scheme using multiple face recognition and classification techniques",2022,"CTISC 2022 - 2022 4th International Conference on Advances in Computer Technology, Information Science and Communications","","","https://www.scopus.com/inward/citedby.uri?partnerID=HzOxMe3b&scp=85136986370&origin=inward",102,"2024-04-18 16:38:46","Conference Paper","10.1109/CTISC54888.2022.9849764","","https://api.elsevier.com/content/abstract/scopus_id/85136986370",,,,,1,0.50,1,1,2,"","",""
1,"A. Bruno","High-Level Feature Extraction for Crowd Behaviour Analysis: A Computer Vision Approach",2022,"Lecture Notes in Computer Science (including subseries Lecture Notes in Artificial Intelligence and Lecture Notes in Bioinformatics)","","","https://www.scopus.com/inward/citedby.uri?partnerID=HzOxMe3b&scp=85136104499&origin=inward",103,"2024-04-18 16:38:46","Conference Paper","10.1007/978-3-031-13324-4_6","0302-9743","https://api.elsevier.com/content/abstract/scopus_id/85136104499",13374,,59,70,1,0.50,1,1,2,"","",""
1,"D. Singh","An end to end trained hybrid CNN model for multi-object tracking",2022,"Multimedia Tools and Applications","","","https://www.scopus.com/inward/citedby.uri?partnerID=HzOxMe3b&scp=85134333997&origin=inward",104,"2024-04-18 16:38:46","Article","10.1007/s11042-021-11463-1","1380-7501","https://api.elsevier.com/content/abstract/scopus_id/85134333997",81,29,42209,42221,1,0.50,1,1,2,"","",""
1,"M.S. Junayed","A Deep-Learning Based Automated COVID-19 Physical Distance Measurement System Using Surveillance Video",2022,"Communications in Computer and Information Science","","","https://www.scopus.com/inward/citedby.uri?partnerID=HzOxMe3b&scp=85131936013&origin=inward",105,"2024-04-18 16:38:46","Conference Paper","10.1007/978-3-031-07005-1_19","1865-0929","https://api.elsevier.com/content/abstract/scopus_id/85131936013",1576,,210,222,1,0.50,1,1,2,"","",""
1,"L. Ma","Visual recognition technologies for complex scenarios analysis",2022,"Journal of Image and Graphics","","","https://www.scopus.com/inward/citedby.uri?partnerID=HzOxMe3b&scp=85131879985&origin=inward",106,"2024-04-18 16:38:46","Article","10.11834/jig.220157","1006-8961","https://api.elsevier.com/content/abstract/scopus_id/85131879985",27,6,1723,1742,1,0.50,1,1,2,"","",""
1,"Q. Zhang","Single-Frame-Based Deep View Synchronization for Unsynchronized Multicamera Surveillance",2023,"IEEE Transactions on Neural Networks and Learning Systems","","","https://www.scopus.com/inward/citedby.uri?partnerID=HzOxMe3b&scp=85130483656&origin=inward",107,"2024-04-18 16:38:46","Article","10.1109/TNNLS.2022.3170642","2162-237X","https://api.elsevier.com/content/abstract/scopus_id/85130483656",34,12,10653,10667,1,1.00,1,1,1,"","",""
1,"A. Naveenkumar","Deep Learning Algorithms for Object Detection—A Study",2022,"Smart Innovation, Systems and Technologies","","","https://www.scopus.com/inward/citedby.uri?partnerID=HzOxMe3b&scp=85129250788&origin=inward",108,"2024-04-18 16:38:46","Conference Paper","10.1007/978-981-16-6616-2_7","2190-3018","https://api.elsevier.com/content/abstract/scopus_id/85129250788",267,,65,75,1,0.50,1,1,2,"","",""
1,"S. Vahora","Comprehensive Analysis Of Crowd Behavior Techniques: A Thorough Exploration",2022,"International Journal of Computing and Digital Systems","","","https://www.scopus.com/inward/citedby.uri?partnerID=HzOxMe3b&scp=85128679894&origin=inward",109,"2024-04-18 16:38:46","Article","10.12785/ijcds/110181","2210-142X","https://api.elsevier.com/content/abstract/scopus_id/85128679894",11,1,991,1007,1,0.50,1,1,2,"","",""
1,"J.A. Gonzalez-Trejo","Monitoring social-distance in wide areas during pandemics: a density map and segmentation approach",2022,"Applied Intelligence","","","https://www.scopus.com/inward/citedby.uri?partnerID=HzOxMe3b&scp=85127616194&origin=inward",110,"2024-04-18 16:38:46","Article","10.1007/s10489-022-03172-5","0924-669X","https://api.elsevier.com/content/abstract/scopus_id/85127616194",,,,,1,0.50,1,1,2,"","",""
1,"Y. Pei","Collision-Line Counting Method Using Deepsort to Count Pedestrian Flow Density and Hungary Algorithm",2021,"Proceedings of 2021 IEEE 3rd International Conference on Civil Aviation Safety and Information Technology, ICCASIT 2021","","","https://www.scopus.com/inward/citedby.uri?partnerID=HzOxMe3b&scp=85123684548&origin=inward",111,"2024-04-18 16:38:46","Conference Paper","10.1109/ICCASIT53235.2021.9633356","","https://api.elsevier.com/content/abstract/scopus_id/85123684548",,,621,626,1,0.33,1,1,3,"","",""
1,"G. Sakya","Intelligent Invigilation Using Video Surveillance",2021,"Lecture Notes in Networks and Systems","","","https://www.scopus.com/inward/citedby.uri?partnerID=HzOxMe3b&scp=85111379750&origin=inward",112,"2024-04-18 16:38:46","Conference Paper","10.1007/978-981-16-0980-0_37","2367-3370","https://api.elsevier.com/content/abstract/scopus_id/85111379750",197,,401,411,1,0.33,1,1,3,"","",""
1,"M. Kraus","AerialmptNet: Multi-pedestrian tracking in aerial imagery using temporal and graphical features",2020,"Proceedings - International Conference on Pattern Recognition","","","https://www.scopus.com/inward/citedby.uri?partnerID=HzOxMe3b&scp=85106865062&origin=inward",113,"2024-04-18 16:38:46","Conference Paper","10.1109/ICPR48806.2021.9413031","1051-4651","https://api.elsevier.com/content/abstract/scopus_id/85106865062",,,7529,7536,1,0.25,1,1,4,"","",""
1,"D. Meng","Application of Railway Passenger Flow Statistics Based on Mask R-CNN",2020,"IOP Conference Series: Materials Science and Engineering","","","https://www.scopus.com/inward/citedby.uri?partnerID=HzOxMe3b&scp=85083008456&origin=inward",114,"2024-04-18 16:38:46","Conference Paper","10.1088/1757-899X/768/7/072050","1757-8981","https://api.elsevier.com/content/abstract/scopus_id/85083008456",768,7,,,1,0.25,1,1,4,"","",""
1,"X. Jin","Real-time crowd counting for embedded systems with high accuracy",2020,"Gaojishu Tongxin/Chinese High Technology Letters","","","https://www.scopus.com/inward/citedby.uri?partnerID=HzOxMe3b&scp=85082313548&origin=inward",115,"2024-04-18 16:38:46","Article","10.3772/j.issn.1002-0470.2020.01.004","1002-0470","https://api.elsevier.com/content/abstract/scopus_id/85082313548",30,1,32,40,1,0.25,1,1,4,"","",""
1,"F. De Feyter","Deep Diamond Re-ID",2019,"Proceedings - 18th IEEE International Conference on Machine Learning and Applications, ICMLA 2019","","","https://www.scopus.com/inward/citedby.uri?partnerID=HzOxMe3b&scp=85080875728&origin=inward",116,"2024-04-18 16:38:46","Conference Paper","10.1109/ICMLA.2019.00323","","https://api.elsevier.com/content/abstract/scopus_id/85080875728",,,2020,2025,1,0.20,1,1,5,"","",""
1,"H. Meadows","Virtual Reality Rendered Video Precognition with Deep Learning for Crowd Management",2020,"Advances in Intelligent Systems and Computing","","","https://www.scopus.com/inward/citedby.uri?partnerID=HzOxMe3b&scp=85075656204&origin=inward",117,"2024-04-18 16:38:46","Conference Paper","10.1007/978-3-030-32520-6_27","2194-5357","https://api.elsevier.com/content/abstract/scopus_id/85075656204",1069,,334,345,1,0.25,1,1,4,"","",""
1,"G. Yang","Visual surveillance algorithm for dense crowd",2019,"ACM International Conference Proceeding Series","","","https://www.scopus.com/inward/citedby.uri?partnerID=HzOxMe3b&scp=85073074540&origin=inward",118,"2024-04-18 16:38:46","Conference Paper","10.1145/3349341.3349485","","https://api.elsevier.com/content/abstract/scopus_id/85073074540",,,655,658,1,0.20,1,1,5,"","",""
1,"H. Li","Learning deep appearance feature for multi-Target tracking",2017,"Proceedings - 2017 International Conference on Virtual Reality and Visualization, ICVRV 2017","","","https://www.scopus.com/inward/citedby.uri?partnerID=HzOxMe3b&scp=85067046762&origin=inward",119,"2024-04-18 16:38:46","Conference Paper","10.1109/ICVRV.2017.00011","","https://api.elsevier.com/content/abstract/scopus_id/85067046762",,,7,12,1,0.14,1,1,7,"","",""
0,"M.H.M. Razif","On Edge Crowd Traffic Counting System using Deep Learning on Jetson Nano for Smart Retail Environment",2024,"Journal of Advanced Research in Applied Sciences and Engineering Technology","","","https://www.scopus.com/inward/citedby.uri?partnerID=HzOxMe3b&scp=85188998219&origin=inward",120,"2024-04-18 16:38:46","Article","10.37934/araset.42.1.113","2462-1943","https://api.elsevier.com/content/abstract/scopus_id/85188998219",42,1,1,13,0,0.00,0,1,1,"","",""
0,"M.F. Haque","Deep Learning Based Crowd Monitoring and Person Identification System",2023,"2023 26th International Conference on Computer and Information Technology, ICCIT 2023","","","https://www.scopus.com/inward/citedby.uri?partnerID=HzOxMe3b&scp=85187349590&origin=inward",121,"2024-04-18 16:38:46","Conference Paper","10.1109/ICCIT60459.2023.10441350","","https://api.elsevier.com/content/abstract/scopus_id/85187349590",,,,,0,0.00,0,1,1,"","",""
0,"W. Peng","Research on Algorithm for Multi Object Tracking Based on YOLOv5 and DeepSORT",2023,"2023 IEEE 6th International Conference on Automation, Electronics and Electrical Engineering, AUTEEE 2023","","","https://www.scopus.com/inward/citedby.uri?partnerID=HzOxMe3b&scp=85187282103&origin=inward",122,"2024-04-18 16:38:46","Conference Paper","10.1109/AUTEEE60196.2023.10408709","","https://api.elsevier.com/content/abstract/scopus_id/85187282103",,,1198,1203,0,0.00,0,1,1,"","",""
0,"X. Fang","Target Detection and Tracking for Vehicles in Tourist Sites Based on Image Recognition",2023,"2023 2nd International Conference on Cloud Computing, Big Data Application and Software Engineering, CBASE 2023","","","https://www.scopus.com/inward/citedby.uri?partnerID=HzOxMe3b&scp=85186769579&origin=inward",123,"2024-04-18 16:38:46","Conference Paper","10.1109/CBASE60015.2023.10439101","","https://api.elsevier.com/content/abstract/scopus_id/85186769579",,,253,258,0,0.00,0,1,1,"","",""
0,"D. Kumar Jain","Robust multi-modal pedestrian detection using deep convolutional neural network with ensemble learning model",2024,"Expert Systems with Applications","","https://api.elsevier.com/content/article/eid/1-s2.0-S0957417424003920","https://www.scopus.com/inward/citedby.uri?partnerID=HzOxMe3b&scp=85186268385&origin=inward",124,"2024-04-18 16:38:46","Article","10.1016/j.eswa.2024.123527","0957-4174","https://api.elsevier.com/content/abstract/scopus_id/85186268385",249,,,,0,0.00,0,1,1,"","",""
0,"D.P. Manoj Kumar","TensorFlow Implementation on Analysis of Unusual Behavior in Crowd Using Deep Learning",2023,"International Conference on Recent Advances in Science and Engineering Technology, ICRASET 2023","","","https://www.scopus.com/inward/citedby.uri?partnerID=HzOxMe3b&scp=85186105479&origin=inward",125,"2024-04-18 16:38:46","Conference Paper","10.1109/ICRASET59632.2023.10420324","","https://api.elsevier.com/content/abstract/scopus_id/85186105479",,,,,0,0.00,0,1,1,"","",""
0,"Q. Zhang","Automated Pedestrian Tracking Based on Improved ByteTrack",2023,"International Conference on Communication Technology Proceedings, ICCT","","","https://www.scopus.com/inward/citedby.uri?partnerID=HzOxMe3b&scp=85186074973&origin=inward",126,"2024-04-18 16:38:46","Conference Paper","10.1109/ICCT59356.2023.10419387","2576-7844","https://api.elsevier.com/content/abstract/scopus_id/85186074973",,,552,557,0,0.00,0,1,1,"","",""
0,"A. Elshamy","Uniform Appearance People and Crowd Monitoring Using Drones",2023,"2023 21st International Conference on Advanced Robotics, ICAR 2023","","","https://www.scopus.com/inward/citedby.uri?partnerID=HzOxMe3b&scp=85185841670&origin=inward",127,"2024-04-18 16:38:46","Conference Paper","10.1109/ICAR58858.2023.10406360","","https://api.elsevier.com/content/abstract/scopus_id/85185841670",,,492,498,0,0.00,0,1,1,"","",""
0,"C.M. Tsai","A Novel Multi-Data-Augmentation and Multi-Deep-Learning Framework for Counting Small Vehicles and Crowds",2024,"International Journal of Pattern Recognition and Artificial Intelligence","","","https://www.scopus.com/inward/citedby.uri?partnerID=HzOxMe3b&scp=85185810136&origin=inward",128,"2024-04-18 16:38:46","Article","10.1142/S0218001424520013","0218-0014","https://api.elsevier.com/content/abstract/scopus_id/85185810136",38,2,,,0,0.00,0,1,1,"","",""
0,"A. John","Using photographs and deep neural networks to understand flowering phenology and diversity in mountain meadows",2024,"Remote Sensing in Ecology and Conservation","","","https://www.scopus.com/inward/citedby.uri?partnerID=HzOxMe3b&scp=85185524718&origin=inward",129,"2024-04-18 16:38:46","Article","10.1002/rse2.382","2056-3485","https://api.elsevier.com/content/abstract/scopus_id/85185524718",,,,,0,0.00,0,1,1,"","",""
0,"P. Zhang","A Survey on Multi-Target Multi-Camera Tracking Methods",2024,"Jisuanji Xuebao/Chinese Journal of Computers","","","https://www.scopus.com/inward/citedby.uri?partnerID=HzOxMe3b&scp=85184354932&origin=inward",130,"2024-04-18 16:38:46","Article","10.11897/SP.J.1016.2024.00287","0254-4164","https://api.elsevier.com/content/abstract/scopus_id/85184354932",47,2,287,309,0,0.00,0,1,1,"","",""
0,"","40th Computer Graphics International Conference, CGI 2023",2024,"Lecture Notes in Computer Science (including subseries Lecture Notes in Artificial Intelligence and Lecture Notes in Bioinformatics)","","","https://www.scopus.com/inward/citedby.uri?partnerID=HzOxMe3b&scp=85184315302&origin=inward",131,"2024-04-18 16:38:46","Conference Review","","0302-9743","https://api.elsevier.com/content/abstract/scopus_id/85184315302",14495,,,,0,0.00,0,0,1,"","",""
0,"","40th Computer Graphics International Conference, CGI 2023",2024,"Lecture Notes in Computer Science (including subseries Lecture Notes in Artificial Intelligence and Lecture Notes in Bioinformatics)","","","https://www.scopus.com/inward/citedby.uri?partnerID=HzOxMe3b&scp=85184309125&origin=inward",132,"2024-04-18 16:38:46","Conference Review","","0302-9743","https://api.elsevier.com/content/abstract/scopus_id/85184309125",14497,,,,0,0.00,0,0,1,"","",""
0,"M. Gnouma","Deep Hashing and Sparse Representation of Abnormal Events Detection",2024,"Computer Journal","","","https://www.scopus.com/inward/citedby.uri?partnerID=HzOxMe3b&scp=85182874633&origin=inward",133,"2024-04-18 16:38:46","Article","10.1093/comjnl/bxac152","0010-4620","https://api.elsevier.com/content/abstract/scopus_id/85182874633",67,1,3,17,0,0.00,0,1,1,"","",""
0,"G. Vasavi","People Counting Based on YOLO",2023,"2023 4th IEEE Global Conference for Advancement in Technology, GCAT 2023","","","https://www.scopus.com/inward/citedby.uri?partnerID=HzOxMe3b&scp=85182569425&origin=inward",134,"2024-04-18 16:38:46","Conference Paper","10.1109/GCAT59970.2023.10353287","","https://api.elsevier.com/content/abstract/scopus_id/85182569425",,,,,0,0.00,0,1,1,"","",""
0,"X. Wang","Deep learning and multi-modal fusion for real-time multi-object tracking: Algorithms, challenges, datasets, and comparative study",2024,"Information Fusion","","https://api.elsevier.com/content/article/eid/1-s2.0-S1566253524000253","https://www.scopus.com/inward/citedby.uri?partnerID=HzOxMe3b&scp=85182397102&origin=inward",135,"2024-04-18 16:38:46","Article","10.1016/j.inffus.2024.102247","1566-2535","https://api.elsevier.com/content/abstract/scopus_id/85182397102",105,,,,0,0.00,0,1,1,"","",""
0,"","40th Computer Graphics International Conference, CGI 2023",2024,"Lecture Notes in Computer Science (including subseries Lecture Notes in Artificial Intelligence and Lecture Notes in Bioinformatics)","","","https://www.scopus.com/inward/citedby.uri?partnerID=HzOxMe3b&scp=85182015120&origin=inward",136,"2024-04-18 16:38:46","Conference Review","","0302-9743","https://api.elsevier.com/content/abstract/scopus_id/85182015120",14496,,,,0,0.00,0,0,1,"","",""
0,"","40th Computer Graphics International Conference, CGI 2023",2024,"Lecture Notes in Computer Science (including subseries Lecture Notes in Artificial Intelligence and Lecture Notes in Bioinformatics)","","","https://www.scopus.com/inward/citedby.uri?partnerID=HzOxMe3b&scp=85180735950&origin=inward",137,"2024-04-18 16:38:46","Conference Review","","0302-9743","https://api.elsevier.com/content/abstract/scopus_id/85180735950",14498,,,,0,0.00,0,0,1,"","",""
0,"H.P. Lin","The Indoor People Tracking and Counting System",2023,"2023 International Automatic Control Conference, CACS 2023","","","https://www.scopus.com/inward/citedby.uri?partnerID=HzOxMe3b&scp=85179854235&origin=inward",138,"2024-04-18 16:38:46","Conference Paper","10.1109/CACS60074.2023.10326194","","https://api.elsevier.com/content/abstract/scopus_id/85179854235",,,,,0,0.00,0,1,1,"","",""
0,"V.N. Rajeshirke","Human Detection in crowd using One-stage and Two-stage object detection models",2023,"2023 14th International Conference on Computing Communication and Networking Technologies, ICCCNT 2023","","","https://www.scopus.com/inward/citedby.uri?partnerID=HzOxMe3b&scp=85179842587&origin=inward",139,"2024-04-18 16:38:46","Conference Paper","10.1109/ICCCNT56998.2023.10307765","","https://api.elsevier.com/content/abstract/scopus_id/85179842587",,,,,0,0.00,0,1,1,"","",""
0,"R. Baqué","MIC: Microwave Imaging Curtain for Dynamic and Automatic Detection of Weapons and Explosive Belts",2023,"Sensors","","","https://www.scopus.com/inward/citedby.uri?partnerID=HzOxMe3b&scp=85179139295&origin=inward",140,"2024-04-18 16:38:46","Article","10.3390/s23239531","1424-8220","https://api.elsevier.com/content/abstract/scopus_id/85179139295",23,23,,,0,0.00,0,1,1,"","",""
0,"Y. Zhang","Handling Heavy Occlusion in Dense Crowd Tracking by Focusing on the Heads",2024,"Lecture Notes in Computer Science (including subseries Lecture Notes in Artificial Intelligence and Lecture Notes in Bioinformatics)","","","https://www.scopus.com/inward/citedby.uri?partnerID=HzOxMe3b&scp=85178553135&origin=inward",141,"2024-04-18 16:38:46","Conference Paper","10.1007/978-981-99-8388-9_7","0302-9743","https://api.elsevier.com/content/abstract/scopus_id/85178553135",14471,,79,90,0,0.00,0,1,1,"","",""
0,"S.K. Mohammed","TRACE: Transformer-based continuous tracking framework using IoT and MCS",2024,"Journal of Network and Computer Applications","","https://api.elsevier.com/content/article/eid/1-s2.0-S1084804523002126","https://www.scopus.com/inward/citedby.uri?partnerID=HzOxMe3b&scp=85178333260&origin=inward",142,"2024-04-18 16:38:46","Article","10.1016/j.jnca.2023.103793","1084-8045","https://api.elsevier.com/content/abstract/scopus_id/85178333260",222,,,,0,0.00,0,1,1,"","",""
0,"I.I. Raj","Security system with motion detection and occupancy breach detection",2023,"AIP Conference Proceedings","","","https://www.scopus.com/inward/citedby.uri?partnerID=HzOxMe3b&scp=85178018646&origin=inward",143,"2024-04-18 16:38:46","Conference Paper","10.1063/5.0179177","0094-243X","https://api.elsevier.com/content/abstract/scopus_id/85178018646",2822,1,,,0,0.00,0,1,1,"","",""
0,"R. Kumar","Unmanned Arial Vehicle as a Tool for Facemask Detection",2023,"Lecture Notes in Electrical Engineering","","","https://www.scopus.com/inward/citedby.uri?partnerID=HzOxMe3b&scp=85177871613&origin=inward",144,"2024-04-18 16:38:46","Conference Paper","10.1007/978-981-99-5974-7_30","1876-1100","https://api.elsevier.com/content/abstract/scopus_id/85177871613",1078,,365,375,0,0.00,0,1,1,"","",""
0,"I. McCallum","Crowd-Driven Deep Learning Tracks Amazon Deforestation",2023,"Remote Sensing","","","https://www.scopus.com/inward/citedby.uri?partnerID=HzOxMe3b&scp=85176347591&origin=inward",145,"2024-04-18 16:38:46","Article","10.3390/rs15215204","2072-4292","https://api.elsevier.com/content/abstract/scopus_id/85176347591",15,21,,,0,0.00,0,1,1,"","",""
0,"S.H. Wang","Deep Reinforcement Learning with Pedestrian Trajectory Prediction Model for Service Robot Navigation in Crowded Environments",2023,"International Conference on Advanced Robotics and Intelligent Systems, ARIS","","","https://www.scopus.com/inward/citedby.uri?partnerID=HzOxMe3b&scp=85175263697&origin=inward",146,"2024-04-18 16:38:46","Conference Paper","10.1109/ARIS59192.2023.10268571","2374-3255","https://api.elsevier.com/content/abstract/scopus_id/85175263697",2023,,,,0,0.00,0,1,1,"","",""
0,"L. Hao","On the Fine-Grained Crowd Analysis Via Passive WiFi Sensing",2023,"IEEE Transactions on Mobile Computing","","","https://www.scopus.com/inward/citedby.uri?partnerID=HzOxMe3b&scp=85174847120&origin=inward",147,"2024-04-18 16:38:46","Article","10.1109/TMC.2023.3324334","1536-1233","https://api.elsevier.com/content/abstract/scopus_id/85174847120",,,,,0,0.00,0,1,1,"","",""
0,"P. Ye","Research on Foreground Extraction and Target Detection and Tracking Algorithm of Surveillance Video Based on Deep Learning",2023,"Proceedings - 2023 2nd International Conference on 3D Immersion, Interaction and Multi-Sensory Experiences, ICDIIME 2023","","","https://www.scopus.com/inward/citedby.uri?partnerID=HzOxMe3b&scp=85173018839&origin=inward",148,"2024-04-18 16:38:46","Conference Paper","10.1109/ICDIIME59043.2023.00098","","https://api.elsevier.com/content/abstract/scopus_id/85173018839",,,477,480,0,0.00,0,1,1,"","",""
0,"P. Desai","A Deep Learning Model to Detect People and Monitor Social Distance",2023,"Cognitive Science and Technology","","","https://www.scopus.com/inward/citedby.uri?partnerID=HzOxMe3b&scp=85172810013&origin=inward",149,"2024-04-18 16:38:46","Book Chapter","10.1007/978-981-99-2742-5_67","2195-3988","https://api.elsevier.com/content/abstract/scopus_id/85172810013",,,649,659,0,0.00,0,1,1,"","",""
0,"Z. Zhang","Person Monitoring by Full Body Tracking in Uniform Crowd Environment",2023,"Lecture Notes in Networks and Systems","","","https://www.scopus.com/inward/citedby.uri?partnerID=HzOxMe3b&scp=85172286073&origin=inward",150,"2024-04-18 16:38:46","Conference Paper","10.1007/978-981-99-3250-4_62","2367-3370","https://api.elsevier.com/content/abstract/scopus_id/85172286073",698,,819,832,0,0.00,0,1,1,"","",""
0,"G. Litisha Miraclin","Population Density Estimation using Single Shot Detection Algorithm",2023,"International Conference on Sustainable Computing and Smart Systems, ICSCSS 2023 - Proceedings","","","https://www.scopus.com/inward/citedby.uri?partnerID=HzOxMe3b&scp=85166180350&origin=inward",151,"2024-04-18 16:38:46","Conference Paper","10.1109/ICSCSS57650.2023.10169157","","https://api.elsevier.com/content/abstract/scopus_id/85166180350",,,695,699,0,0.00,0,1,1,"","",""
0,"A. Rahman","A Comparative Study of Detecting Violation of Face Mask and Social Distancing using Different Deep Learning Models",2023,"Proceedings of the 7th International Conference on Intelligent Computing and Control Systems, ICICCS 2023","","","https://www.scopus.com/inward/citedby.uri?partnerID=HzOxMe3b&scp=85163890555&origin=inward",152,"2024-04-18 16:38:46","Conference Paper","10.1109/ICICCS56967.2023.10142273","","https://api.elsevier.com/content/abstract/scopus_id/85163890555",,,28,34,0,0.00,0,1,1,"","",""
0,"B. Bangennavar","People Tracking and Counting using Jetson TX2 Kit with Tracking Algorithm",2022,"2022 IEEE North Karnataka Subsection Flagship International Conference, NKCon 2022","","","https://www.scopus.com/inward/citedby.uri?partnerID=HzOxMe3b&scp=85163135270&origin=inward",153,"2024-04-18 16:38:46","Conference Paper","10.1109/NKCon56289.2022.10126790","","https://api.elsevier.com/content/abstract/scopus_id/85163135270",,,,,0,0.00,0,1,2,"","",""
0,"A. Gullapelly","Multiple object tracking with behavior detection in crowded scenes using deep learning",2023,"Journal of Intelligent and Fuzzy Systems","","","https://www.scopus.com/inward/citedby.uri?partnerID=HzOxMe3b&scp=85161965017&origin=inward",154,"2024-04-18 16:38:46","Article","10.3233/JIFS-223516","1064-1246","https://api.elsevier.com/content/abstract/scopus_id/85161965017",44,3,5107,5121,0,0.00,0,1,1,"","",""
0,"B. Tyagi","Person Detection Using YOLOv3",2023,"Lecture Notes in Networks and Systems","","","https://www.scopus.com/inward/citedby.uri?partnerID=HzOxMe3b&scp=85161417726&origin=inward",155,"2024-04-18 16:38:46","Conference Paper","10.1007/978-981-19-9858-4_77","2367-3370","https://api.elsevier.com/content/abstract/scopus_id/85161417726",627,,903,912,0,0.00,0,1,1,"","",""
0,"M.H.K. Khel","Realtime Crowd Monitoring - Estimating Count, Speed and Direction of People Using Hybridized YOLOv4",2023,"IEEE Access","","","https://www.scopus.com/inward/citedby.uri?partnerID=HzOxMe3b&scp=85159659523&origin=inward",156,"2024-04-18 16:38:46","Article","10.1109/ACCESS.2023.3272481","2169-3536","https://api.elsevier.com/content/abstract/scopus_id/85159659523",11,,56368,56379,0,0.00,0,1,1,"","",""
0,"H. Nagolu","Empirical Study on Real Time People Counting using Deep Learning",2023,"Proceedings of the 17th INDIACom; 2023 10th International Conference on Computing for Sustainable Global Development, INDIACom 2023","","","https://www.scopus.com/inward/citedby.uri?partnerID=HzOxMe3b&scp=85159597223&origin=inward",157,"2024-04-18 16:38:46","Conference Paper","","","https://api.elsevier.com/content/abstract/scopus_id/85159597223",,,1,4,0,0.00,0,1,1,"","",""
0,"L. Espín-Noboa","Interpreting wealth distribution via poverty map inference using multimodal data",2023,"ACM Web Conference 2023 - Proceedings of the World Wide Web Conference, WWW 2023","","","https://www.scopus.com/inward/citedby.uri?partnerID=HzOxMe3b&scp=85159369351&origin=inward",158,"2024-04-18 16:38:46","Conference Paper","10.1145/3543507.3583862","","https://api.elsevier.com/content/abstract/scopus_id/85159369351",,,4029,4040,0,0.00,0,1,1,"","",""
0,"M.R. Kounte","Implementation of Realtime design of crowd Enumeration via tracking using AI system",2023,"Proceedings of the International Conference on Intelligent and Innovative Technologies in Computing, Electrical and Electronics, ICIITCEE 2023","","","https://www.scopus.com/inward/citedby.uri?partnerID=HzOxMe3b&scp=85156113243&origin=inward",159,"2024-04-18 16:38:46","Conference Paper","10.1109/IITCEE57236.2023.10090914","","https://api.elsevier.com/content/abstract/scopus_id/85156113243",,,270,274,0,0.00,0,1,1,"","",""
0,"N.K. Tagore","Occlusion Reconstruction for Person Re-identification",2023,"Lecture Notes in Networks and Systems","","","https://www.scopus.com/inward/citedby.uri?partnerID=HzOxMe3b&scp=85152577935&origin=inward",160,"2024-04-18 16:38:46","Conference Paper","10.1007/978-981-19-7615-5_15","2367-3370","https://api.elsevier.com/content/abstract/scopus_id/85152577935",572,,161,172,0,0.00,0,1,1,"","",""
0,"","2022 International Symposium on Intelligent Signal Processing and Communication Systems, ISPACS 2022",2022,"2022 International Symposium on Intelligent Signal Processing and Communication Systems, ISPACS 2022","","","https://www.scopus.com/inward/citedby.uri?partnerID=HzOxMe3b&scp=85152276445&origin=inward",161,"2024-04-18 16:38:46","Conference Review","","","https://api.elsevier.com/content/abstract/scopus_id/85152276445",,,,,0,0.00,0,0,2,"","",""
0,"S.L. Agrwal","A Review on Unconstrained Real-Time Rotation-Invariant Face Detection",2023,"2023 3rd International Conference on Intelligent Communication and Computational Techniques, ICCT 2023","","","https://www.scopus.com/inward/citedby.uri?partnerID=HzOxMe3b&scp=85152204536&origin=inward",162,"2024-04-18 16:38:46","Conference Paper","10.1109/ICCT56969.2023.10076222","","https://api.elsevier.com/content/abstract/scopus_id/85152204536",,,,,0,0.00,0,1,1,"","",""
0,"A. Kush","R-CNN Model for the Traffic Signal Prediction",2022,"Proceedings - 2022 4th International Conference on Advances in Computing, Communication Control and Networking, ICAC3N 2022","","","https://www.scopus.com/inward/citedby.uri?partnerID=HzOxMe3b&scp=85152197884&origin=inward",163,"2024-04-18 16:38:46","Conference Paper","10.1109/ICAC3N56670.2022.10074076","","https://api.elsevier.com/content/abstract/scopus_id/85152197884",,,1145,1148,0,0.00,0,1,2,"","",""
0,"J. Fu","Research on Mask Wearing Recognition Based on Deep Learning",2022,"ACM International Conference Proceeding Series","","","https://www.scopus.com/inward/citedby.uri?partnerID=HzOxMe3b&scp=85150485860&origin=inward",164,"2024-04-18 16:38:46","Conference Paper","10.1145/3573428.3573495","","https://api.elsevier.com/content/abstract/scopus_id/85150485860",,,390,394,0,0.00,0,1,2,"","",""
0,"B. Chougule","Population Index and Analysis Based on Different Geographies; Using Distance Measurement, Social Distancing, and Deep Learning",2023,"Lecture Notes in Electrical Engineering","","","https://www.scopus.com/inward/citedby.uri?partnerID=HzOxMe3b&scp=85149905416&origin=inward",165,"2024-04-18 16:38:46","Conference Paper","10.1007/978-981-19-5936-3_5","1876-1100","https://api.elsevier.com/content/abstract/scopus_id/85149905416",947,,45,63,0,0.00,0,1,1,"","",""
0,"N. Kulkarni","Occlusion and Spoof Attack Detection using Haar Cascade Classifier and Local Binary Pattern for Human Face Detection for ATM",2022,"AIP Conference Proceedings","","","https://www.scopus.com/inward/citedby.uri?partnerID=HzOxMe3b&scp=85142267404&origin=inward",166,"2024-04-18 16:38:46","Conference Paper","10.1063/5.0107262","0094-243X","https://api.elsevier.com/content/abstract/scopus_id/85142267404",2494,,,,0,0.00,0,1,2,"","",""
0,"C.C. Lai","Learning and Features based Customer Guidance Function for Application of Smart Autonomous Mover",2022,"WSCE 2022 - 2022 5th World Symposium on Communication Engineering","","","https://www.scopus.com/inward/citedby.uri?partnerID=HzOxMe3b&scp=85141610671&origin=inward",167,"2024-04-18 16:38:46","Conference Paper","10.1109/WSCE56210.2022.9916025","","https://api.elsevier.com/content/abstract/scopus_id/85141610671",,,84,88,0,0.00,0,1,2,"","",""
0,"H. Zuo","Research of Pedestrian Object Tracking Algorithms",2022,"Proceedings - 2022 Global Conference on Robotics, Artificial Intelligence and Information Technology, GCRAIT 2022","","","https://www.scopus.com/inward/citedby.uri?partnerID=HzOxMe3b&scp=85140578574&origin=inward",168,"2024-04-18 16:38:46","Conference Paper","10.1109/GCRAIT55928.2022.00041","","https://api.elsevier.com/content/abstract/scopus_id/85140578574",,,155,159,0,0.00,0,1,2,"","",""
0,"S. Sivachandiran","INTELLIGENT DEEP LEARNING ENABLED CROWD DETECTION AND CLASSIFICATION MODEL IN REAL TIME SURVEILLANCE VIDEOS",2022,"Indian Journal of Computer Science and Engineering","","","https://www.scopus.com/inward/citedby.uri?partnerID=HzOxMe3b&scp=85136233599&origin=inward",169,"2024-04-18 16:38:46","Article","10.21817/indjcse/2022/v13i4/221304063","0976-5166","https://api.elsevier.com/content/abstract/scopus_id/85136233599",13,4,1096,1111,0,0.00,0,1,2,"","",""
0,"G. Sreenu","Smart and Deep Hand Movement Tracking from Crowd Videos through Particle Filtering and Matrix Transformation",2022,"SN Computer Science","","","https://www.scopus.com/inward/citedby.uri?partnerID=HzOxMe3b&scp=85135446682&origin=inward",170,"2024-04-18 16:38:46","Article","10.1007/s42979-022-01313-8","2662-995X","https://api.elsevier.com/content/abstract/scopus_id/85135446682",3,6,,,0,0.00,0,1,2,"","",""
0,"","6th International Conference on Information and Communication Technology for Competitive Strategies, ICTCS 2021",2023,"Lecture Notes in Networks and Systems","","","https://www.scopus.com/inward/citedby.uri?partnerID=HzOxMe3b&scp=85134353946&origin=inward",171,"2024-04-18 16:38:46","Conference Review","","2367-3370","https://api.elsevier.com/content/abstract/scopus_id/85134353946",400,,,,0,0.00,0,0,1,"","",""
0,"S.K. Luan","Action Recognition in Australian Rules Football Through Deep Learning",2022,"Lecture Notes in Computer Science (including subseries Lecture Notes in Artificial Intelligence and Lecture Notes in Bioinformatics)","","","https://www.scopus.com/inward/citedby.uri?partnerID=HzOxMe3b&scp=85134319561&origin=inward",172,"2024-04-18 16:38:46","Conference Paper","10.1007/978-3-031-08757-8_47","0302-9743","https://api.elsevier.com/content/abstract/scopus_id/85134319561",13352,,563,576,0,0.00,0,1,2,"","",""
0,"S. Saugat","Real-Time-Based COVID-19 Social Distance Detection Using Deep Learning",2022,"Lecture Notes in Networks and Systems","","","https://www.scopus.com/inward/citedby.uri?partnerID=HzOxMe3b&scp=85132039975&origin=inward",173,"2024-04-18 16:38:46","Conference Paper","10.1007/978-981-16-9480-6_36","2367-3370","https://api.elsevier.com/content/abstract/scopus_id/85132039975",395,,373,391,0,0.00,0,1,2,"","",""
0,"P. Liyanage","Suspicious Human Crowd Behaviour Detection - A Transfer Learning Approach",2021,"21st International Conference on Advances in ICT for Emerging Regions, ICter 2021 - Proceedings","","","https://www.scopus.com/inward/citedby.uri?partnerID=HzOxMe3b&scp=85130853114&origin=inward",174,"2024-04-18 16:38:46","Conference Paper","10.1109/ICter53630.2021.9774784","","https://api.elsevier.com/content/abstract/scopus_id/85130853114",,,63,68,0,0.00,0,1,3,"","",""
0,"X. Wang","A Real-time improved pedestrian dead reckoning trajectory tracking algorithm",2022,"International Archives of the Photogrammetry, Remote Sensing and Spatial Information Sciences - ISPRS Archives","","","https://www.scopus.com/inward/citedby.uri?partnerID=HzOxMe3b&scp=85129879070&origin=inward",175,"2024-04-18 16:38:46","Conference Paper","10.5194/isprs-archives-XLVI-3-W1-2022-197-2022","1682-1750","https://api.elsevier.com/content/abstract/scopus_id/85129879070",46,3,197,203,0,0.00,0,1,2,"","",""
0,"P. Zamorski","Deep Learning based Customer Count/Flow Monitoring System for Social Distancing",2021,"Proceedings - 2021 IEEE International Conference on Dependable, Autonomic and Secure Computing, International Conference on Pervasive Intelligence and Computing, International Conference on Cloud and Big Data Computing and International Conference on Cyber Science and Technology Congress, DASC/PiCom/CBDCom/CyberSciTech 2021","","","https://www.scopus.com/inward/citedby.uri?partnerID=HzOxMe3b&scp=85127564213&origin=inward",176,"2024-04-18 16:38:46","Conference Paper","10.1109/DASC-PICom-CBDCom-CyberSciTech52372.2021.00138","","https://api.elsevier.com/content/abstract/scopus_id/85127564213",,,831,836,0,0.00,0,1,3,"","",""
0,"","15th International Conference on Pattern Recognition and Information Processing, PRIP 2021",2022,"Communications in Computer and Information Science","","","https://www.scopus.com/inward/citedby.uri?partnerID=HzOxMe3b&scp=85127064198&origin=inward",177,"2024-04-18 16:38:46","Conference Review","","1865-0929","https://api.elsevier.com/content/abstract/scopus_id/85127064198",1562,,,,0,0.00,0,0,2,"","",""
0,"E.E. Hamke","Fundamental Frequency Tracking in Noisy Environments Using Deep Learning",2021,"Conference Record - Asilomar Conference on Signals, Systems and Computers","","","https://www.scopus.com/inward/citedby.uri?partnerID=HzOxMe3b&scp=85127024161&origin=inward",178,"2024-04-18 16:38:46","Conference Paper","10.1109/IEEECONF53345.2021.9723185","1058-6393","https://api.elsevier.com/content/abstract/scopus_id/85127024161",2021,,1431,1435,0,0.00,0,1,3,"","",""
0,"A.H. Al-Ghushami","Deep Learning-based Face Mask Usage Detection on Low Compute Resource Devices",2021,"Conference Proceedings of the IEEE International Performance, Computing, and Communications Conference","","","https://www.scopus.com/inward/citedby.uri?partnerID=HzOxMe3b&scp=85125187539&origin=inward",179,"2024-04-18 16:38:46","Conference Paper","10.1109/IPCCC51483.2021.9679407","1097-2641","https://api.elsevier.com/content/abstract/scopus_id/85125187539",2021,,,,0,0.00,0,1,3,"","",""
0,"","9th International Conference on Big Data Analytics, BDA 2021",2021,"Lecture Notes in Computer Science (including subseries Lecture Notes in Artificial Intelligence and Lecture Notes in Bioinformatics)","","","https://www.scopus.com/inward/citedby.uri?partnerID=HzOxMe3b&scp=85122572868&origin=inward",180,"2024-04-18 16:38:46","Conference Review","","0302-9743","https://api.elsevier.com/content/abstract/scopus_id/85122572868",13147,,,,0,0.00,0,0,3,"","",""
0,"","ICDLT 2021 - 2021 5th International Conference on Deep Learning Technologies",2021,"ACM International Conference Proceeding Series","","","https://www.scopus.com/inward/citedby.uri?partnerID=HzOxMe3b&scp=85119821055&origin=inward",181,"2024-04-18 16:38:46","Conference Review","","","https://api.elsevier.com/content/abstract/scopus_id/85119821055",,,,,0,0.00,0,0,3,"","",""
0,"A. Mezhenin","Development and testing of a pedestrian traffic monitoring system on a convolutional neural network platform",2021,"CEUR Workshop Proceedings","","","https://www.scopus.com/inward/citedby.uri?partnerID=HzOxMe3b&scp=85116678170&origin=inward",182,"2024-04-18 16:38:46","Conference Paper","","1613-0073","https://api.elsevier.com/content/abstract/scopus_id/85116678170",2965,,230,237,0,0.00,0,1,3,"","",""
0,"","2021 6th International Conference on Multimedia and Image Processing, ICMIP 2021",2021,"ACM International Conference Proceeding Series","","","https://www.scopus.com/inward/citedby.uri?partnerID=HzOxMe3b&scp=85108176807&origin=inward",183,"2024-04-18 16:38:46","Conference Review","","","https://api.elsevier.com/content/abstract/scopus_id/85108176807",,,,,0,0.00,0,0,3,"","",""
0,"","2021 IEEE 18th International Symposium on Biomedical Imaging, ISBI 2021",2021,"Proceedings - International Symposium on Biomedical Imaging","","","https://www.scopus.com/inward/citedby.uri?partnerID=HzOxMe3b&scp=85107227630&origin=inward",184,"2024-04-18 16:38:46","Conference Review","","1945-7928","https://api.elsevier.com/content/abstract/scopus_id/85107227630",2021,,,,0,0.00,0,0,3,"","",""
0,"J. Zeibo","Pedestrian Trajectory Prediction in Crowd Scene Using Deep Neural Networks",2021,"Lecture Notes in Electrical Engineering","","","https://www.scopus.com/inward/citedby.uri?partnerID=HzOxMe3b&scp=85101738136&origin=inward",185,"2024-04-18 16:38:46","Conference Paper","10.1007/978-981-15-7504-4_27","1876-1100","https://api.elsevier.com/content/abstract/scopus_id/85101738136",690,,277,288,0,0.00,0,1,3,"","",""
0,"S. Uma","A review on video tracking for multiple objects in neural network",2020,"Advances in Parallel Computing","","","https://www.scopus.com/inward/citedby.uri?partnerID=HzOxMe3b&scp=85100266786&origin=inward",186,"2024-04-18 16:38:46","Review","10.3233/APC200175","0927-5452","https://api.elsevier.com/content/abstract/scopus_id/85100266786",37,,401,406,0,0.00,0,1,4,"","",""
0,"Q. Ma","Deep Fundamental Diagram Network for Real-Time Pedestrian Dynamics Analysis",2020,"Springer Proceedings in Physics","","","https://www.scopus.com/inward/citedby.uri?partnerID=HzOxMe3b&scp=85097303013&origin=inward",187,"2024-04-18 16:38:46","Conference Paper","10.1007/978-3-030-55973-1_24","0930-8989","https://api.elsevier.com/content/abstract/scopus_id/85097303013",252,,195,203,0,0.00,0,1,4,"","",""
0,"V. Asher","Indoor object tracking using Wi-Fi access points",2020,"Lecture Notes in Networks and Systems","","","https://www.scopus.com/inward/citedby.uri?partnerID=HzOxMe3b&scp=85079283351&origin=inward",188,"2024-04-18 16:38:46","Book Chapter","10.1007/978-981-15-0146-3_64","2367-3370","https://api.elsevier.com/content/abstract/scopus_id/85079283351",89,,687,698,0,0.00,0,1,4,"","",""
0,"","20th International Conference on Image Analysis and Processing, ICIAP 2019",2019,"Lecture Notes in Computer Science (including subseries Lecture Notes in Artificial Intelligence and Lecture Notes in Bioinformatics)","","","https://www.scopus.com/inward/citedby.uri?partnerID=HzOxMe3b&scp=85072955985&origin=inward",189,"2024-04-18 16:38:46","Conference Review","","0302-9743","https://api.elsevier.com/content/abstract/scopus_id/85072955985",11751,,,,0,0.00,0,0,5,"","",""
0,"","1st International Conference on Smart Multimedia, ICSM 2018",2018,"Lecture Notes in Computer Science (including subseries Lecture Notes in Artificial Intelligence and Lecture Notes in Bioinformatics)","","","https://www.scopus.com/inward/citedby.uri?partnerID=HzOxMe3b&scp=85058565866&origin=inward",190,"2024-04-18 16:38:46","Conference Review","","0302-9743","https://api.elsevier.com/content/abstract/scopus_id/85058565866",11010,,,,0,0.00,0,0,6,"","",""
0,"","8th Pacific Rim Symposium on Image and Video Technology, PSIVT 2017",2018,"Lecture Notes in Computer Science (including subseries Lecture Notes in Artificial Intelligence and Lecture Notes in Bioinformatics)","","","https://www.scopus.com/inward/citedby.uri?partnerID=HzOxMe3b&scp=85048550265&origin=inward",191,"2024-04-18 16:38:46","Conference Review","","0302-9743","https://api.elsevier.com/content/abstract/scopus_id/85048550265",10799,,,,0,0.00,0,0,6,"","",""
0,"A. Verma","Nonlinear Motion Tracking by Deep Learning Architecture",2018,"IOP Conference Series: Materials Science and Engineering","","","https://www.scopus.com/inward/citedby.uri?partnerID=HzOxMe3b&scp=85045673600&origin=inward",192,"2024-04-18 16:38:46","Conference Paper","10.1088/1757-899X/331/1/012020","1757-8981","https://api.elsevier.com/content/abstract/scopus_id/85045673600",331,1,,,0,0.00,0,1,6,"","",""
0,"","7th International Conference on Intelligence Science and Big Data Engineering, IScIDE 2017",2017,"Lecture Notes in Computer Science (including subseries Lecture Notes in Artificial Intelligence and Lecture Notes in Bioinformatics)","","","https://www.scopus.com/inward/citedby.uri?partnerID=HzOxMe3b&scp=85030028433&origin=inward",193,"2024-04-18 16:38:46","Conference Review","","0302-9743","https://api.elsevier.com/content/abstract/scopus_id/85030028433",10559,,1,686,0,0.00,0,0,7,"","",""
0,"","2017 IEEE International Conference on Pervasive Computing and Communications, PerCom 2017",2017,"2017 IEEE International Conference on Pervasive Computing and Communications, PerCom 2017","","","https://www.scopus.com/inward/citedby.uri?partnerID=HzOxMe3b&scp=85019983717&origin=inward",194,"2024-04-18 16:38:46","Conference Review","","","https://api.elsevier.com/content/abstract/scopus_id/85019983717",,,,,0,0.00,0,0,7,"","",""
0,"","Proceedings - 2016 International Conference on Industrial Informatics - Computing Technology, Intelligent Technology, Industrial Information Integration, ICIICII 2016",2017,"Proceedings - 2016 International Conference on Industrial Informatics - Computing Technology, Intelligent Technology, Industrial Information Integration, ICIICII 2016","","","https://www.scopus.com/inward/citedby.uri?partnerID=HzOxMe3b&scp=85015217596&origin=inward",195,"2024-04-18 16:38:46","Conference Review","","","https://api.elsevier.com/content/abstract/scopus_id/85015217596",,,,,0,0.00,0,0,7,"","",""
